Fecha Local / Lugar,Fecha UTC,Latitud / Longitud,Profundidad,Magnitud,URL
2023-07-17 05:20:5064 km al NE de Los Andes.,2023-07-17 09:20:50,-32.572 -69.984,115 km,3.2 Ml,https://www.sismologia.cl/sismicidad/informes/2023/07/204218.html
2023-07-17 04:58:0861 km al NE de San Pedro de Atacama,2023-07-17 08:58:08,-22.622 -67.700,158 km,2.6 Ml,https://www.sismologia.cl/sismicidad/informes/2023/07/204217.html
2023-07-17 04:23:0434 km al SE de Mina Los Pelambres,2023-07-17 08:23:04,-32.107 -70.455,122 km,2.9 Ml,https://www.sismologia.cl/sismicidad/informes/2023/07/204215.html
2023-07-17 04:14:3582 km al E de Tierra Amarilla,2023-07-17 08:14:35,-27.508 -69.439,115 km,3.0 Ml,https://www.sismologia.cl/sismicidad/informes/2023/07/204213.html
2023-07-17 03:01:4848 km al NO de Camiña,2023-07-17 07:01:48,-18.946 -69.659,91 km,4.2 Ml,https://www.sismologia.cl/sismicidad/informes/2023/07/204208.html
2023-07-17 02:55:5975 km al E de Taltal,2023-07-17 06:55:59,-25.475 -69.742,83 km,2.8 Ml,https://www.sismologia.cl/sismicidad/informes/2023/07/204206.html
2023-07-17 00:44:379 km al O de Mina Collahuasi,2023-07-17 04:44:37,-20.818 -68.745,115 km,2.5 Ml,https://www.sismologia.cl/sismicidad/informes/2023/07/204194.html
2023-07-17 00:20:1415 km al O de Andacollo,2023-07-17 04:20:14,-30.232 -71.236,53 km,2.7 Ml,https://www.sismologia.cl/sismicidad/informes/2023/07/204191.html
2023-07-16 23:05:1052 km al NE de Lonquimay,2023-07-17 03:05:10,-38.216 -70.856,206 km,6.6 Mww,https://www.sismologia.cl/sismicidad/informes/2023/07/204185.html
2023-07-16 21:57:2622 km al NO de Pica,2023-07-17 01:57:26,-20.347 -69.470,41 km,2.6 Ml,https://www.sismologia.cl/sismicidad/informes/2023/07/204181.html
2023-07-16 19:43:0815 km al NE de La Higuera,2023-07-16 23:43:08,-29.396 -71.116,57 km,2.9 Ml,https://www.sismologia.cl/sismicidad/informes/2023/07/204177.html
2023-07-16 18:46:5225 km al NO de Lebu,2023-07-16 22:46:52,-37.439 -73.834,29 km,3.0 Ml,https://www.sismologia.cl/sismicidad/informes/2023/07/204173.html
2023-07-16 18:43:3875 km al O de Lebu,2023-07-16 22:43:38,-37.481 -74.495,33 km,2.6 Ml,https://www.sismologia.cl/sismicidad/informes/2023/07/204172.html
2023-07-16 18:38:2650 km al S de Ollagüe,2023-07-16 22:38:26,-21.652 -68.405,127 km,2.9 Ml,https://www.sismologia.cl/sismicidad/informes/2023/07/204171.html
2023-07-16 16:25:2837 km al SE de Calama,2023-07-16 20:25:28,-22.663 -68.636,127 km,2.9 Ml,https://www.sismologia.cl/sismicidad/informes/2023/07/204166.html
2023-07-16 14:54:2091 km al NE de San Pedro de Atacama,2023-07-16 18:54:20,-22.262 -67.665,224 km,3.0 Ml,https://www.sismologia.cl/sismicidad/informes/2023/07/204162.html
2023-07-16 14:18:39112 km al NE de Socaire,2023-07-16 18:18:39,-22.936 -67.059,257 km,4.2 Mw,https://www.sismologia.cl/sismicidad/informes/2023/07/204158.html
2023-07-16 14:06:2350 km al SE de Socaire,2023-07-16 18:06:23,-23.915 -67.551,241 km,2.9 Ml,https://www.sismologia.cl/sismicidad/informes/2023/07/204156.html
2023-07-16 13:48:1745 km al SO de Huasco,2023-07-16 17:48:17,-28.761 -71.541,38 km,2.5 Ml,https://www.sismologia.cl/sismicidad/informes/2023/07/204155.html
2023-07-16 11:01:5520 km al E de Tongoy,2023-07-16 15:01:55,-30.279 -71.288,56 km,2.7 Ml,https://www.sismologia.cl/sismicidad/informes/2023/07/204145.html
2023-07-16 10:37:4726 km al NO de Camiña,2023-07-16 14:37:47,-19.111 -69.543,92 km,3.6 Ml,https://www.sismologia.cl/sismicidad/informes/2023/07/204143.html
2023-07-16 09:27:0426 km al E de Camiña,2023-07-16 13:27:04,-19.371 -69.190,110 km,3.5 Ml,https://www.sismologia.cl/sismicidad/informes/2023/07/204139.html
2023-07-16 08:09:2710 km al O de Vichuquén,2023-07-16 12:09:27,-34.848 -72.090,32 km,3.1 Ml,https://www.sismologia.cl/sismicidad/informes/2023/07/204134.html
2023-07-16 07:24:3816 km al N de Farellones,2023-07-16 11:24:38,-33.212 -70.292,107 km,4.0 Ml,https://www.sismologia.cl/sismicidad/informes/2023/07/204131.html
2023-07-16 05:16:3853 km al O de Tongoy,2023-07-16 09:16:38,-30.308 -72.041,42 km,3.1 Ml,https://www.sismologia.cl/sismicidad/informes/2023/07/204125.html
2023-07-16 04:35:5436 km al S de Huasco,2023-07-16 08:35:54,-28.780 -71.320,41 km,3.3 Ml,https://www.sismologia.cl/sismicidad/informes/2023/07/204122.html
2023-07-16 02:07:3315 km al SE de Los Vilos,2023-07-16 06:07:33,-32.011 -71.409,28 km,2.8 Ml,https://www.sismologia.cl/sismicidad/informes/2023/07/204111.html
2023-07-16 01:23:4362 km al S de Alto Hospicio,2023-07-16 05:23:43,-20.797 -70.301,63 km,3.2 Ml,https://www.sismologia.cl/sismicidad/informes/2023/07/204108.html
2023-07-15 23:31:47149 km al O de Lebu,2023-07-16 03:31:47,-37.521 -75.347,16 km,3.2 Ml,https://www.sismologia.cl/sismicidad/informes/2023/07/204104.html
2023-07-15 20:58:4047 km al SE de Pica,2023-07-16 00:58:40,-20.879 -69.148,104 km,3.0 Ml,https://www.sismologia.cl/sismicidad/informes/2023/07/204100.html
2023-07-15 20:23:1614 km al N de Farellones,2023-07-16 00:23:16,-33.228 -70.335,98 km,3.0 Ml,https://www.sismologia.cl/sismicidad/informes/2023/07/204093.html
2023-07-15 18:58:5410 km al SO de Cuya,2023-07-15 22:58:54,-19.236 -70.234,54 km,2.8 Ml,https://www.sismologia.cl/sismicidad/informes/2023/07/204090.html
2023-07-15 13:57:5045 km al SE de Camiña,2023-07-15 17:57:50,-19.626 -69.155,104 km,2.9 Ml,https://www.sismologia.cl/sismicidad/informes/2023/07/204054.html
2023-07-15 13:41:1551 km al NE de Calama,2023-07-15 17:41:15,-22.208 -68.524,106 km,2.5 Ml,https://www.sismologia.cl/sismicidad/informes/2023/07/204053.html
2023-07-15 12:08:3738 km al SE de Pica,2023-07-15 16:08:37,-20.763 -69.111,109 km,2.7 Ml,https://www.sismologia.cl/sismicidad/informes/2023/07/204045.html
2023-07-15 11:58:4159 km al O de La Serena,2023-07-15 15:58:41,-29.818 -71.858,30 km,2.9 Ml,https://www.sismologia.cl/sismicidad/informes/2023/07/204044.html
2023-07-15 11:25:3363 km al SE de Socaire,2023-07-15 15:25:33,-24.039 -67.507,269 km,3.3 Ml,https://www.sismologia.cl/sismicidad/informes/2023/07/204043.html
2023-07-15 10:17:1312 km al SE de Entre Lagos,2023-07-15 14:17:13,-40.771 -72.510,98 km,3.5 Ml,https://www.sismologia.cl/sismicidad/informes/2023/07/204036.html
2023-07-15 07:22:1044 km al NE de Pica,2023-07-15 11:22:10,-20.142 -69.137,120 km,3.6 Ml,https://www.sismologia.cl/sismicidad/informes/2023/07/204030.html
2023-07-15 07:05:0744 km al O de Mina Collahuasi,2023-07-15 11:05:07,-20.883 -69.074,109 km,2.7 Ml,https://www.sismologia.cl/sismicidad/informes/2023/07/204029.html
2023-07-15 06:35:2945 km al S de Pica,2023-07-15 10:35:29,-20.890 -69.357,80 km,2.8 Ml,https://www.sismologia.cl/sismicidad/informes/2023/07/204025.html
2023-07-15 04:51:5735 km al E de Temuco,2023-07-15 08:51:57,-38.686 -72.196,77 km,2.7 Ml,https://www.sismologia.cl/sismicidad/informes/2023/07/204015.html
2023-07-15 04:49:3437 km al O de La Serena,2023-07-15 08:49:34,-29.781 -71.604,35 km,2.8 Ml,https://www.sismologia.cl/sismicidad/informes/2023/07/204013.html
2023-07-15 04:13:4241 km al NE de Calama,2023-07-15 08:13:42,-22.187 -68.673,126 km,2.7 Ml,https://www.sismologia.cl/sismicidad/informes/2023/07/204010.html
2023-07-15 03:33:5724 km al NO de Sierra Gorda.,2023-07-15 07:33:57,-22.781 -69.512,76 km,3.4 Ml,https://www.sismologia.cl/sismicidad/informes/2023/07/204006.html
2023-07-15 00:39:0589 km al SE de Socaire,2023-07-15 04:39:05,-24.337 -67.576,214 km,3.6 Ml,https://www.sismologia.cl/sismicidad/informes/2023/07/203995.html
2023-07-14 23:22:0675 km al N de Huasco,2023-07-15 03:22:06,-27.816 -71.410,32 km,2.7 Ml,https://www.sismologia.cl/sismicidad/informes/2023/07/203991.html
2023-07-14 22:43:1740 km al NE de Pica,2023-07-15 02:43:17,-20.166 -69.175,95 km,3.0 Ml,https://www.sismologia.cl/sismicidad/informes/2023/07/203989.html
2023-07-14 22:00:1678 km al E de Alto del Carmen,2023-07-15 02:00:16,-28.711 -69.693,118 km,3.7 Ml,https://www.sismologia.cl/sismicidad/informes/2023/07/203984.html
2023-07-14 20:53:5973 km al SE de Socaire,2023-07-15 00:53:59,-24.159 -67.541,229 km,3.8 Ml,https://www.sismologia.cl/sismicidad/informes/2023/07/203976.html
2023-07-14 20:08:4654 km al E de Sierra Gorda.,2023-07-15 00:08:46,-23.037 -68.809,99 km,2.6 Ml,https://www.sismologia.cl/sismicidad/informes/2023/07/203971.html
2023-07-14 19:57:1015 km al SO de Los Vilos,2023-07-14 23:57:10,-32.036 -71.575,32 km,2.8 Ml,https://www.sismologia.cl/sismicidad/informes/2023/07/203968.html
2023-07-14 17:43:1573 km al O de Navidad,2023-07-14 21:43:15,-33.815 -72.601,37 km,2.6 Ml,https://www.sismologia.cl/sismicidad/informes/2023/07/203954.html
2023-07-14 17:11:1729 km al SE de Villarrica,2023-07-14 21:11:17,-39.441 -71.962,116 km,3.7 Ml,https://www.sismologia.cl/sismicidad/informes/2023/07/203947.html
2023-07-14 16:44:4654 km al SO de Puerto Aysén,2023-07-14 20:44:46,-45.861 -72.947,15 km,3.0 Ml,https://www.sismologia.cl/sismicidad/informes/2023/07/203941.html
2023-07-14 13:47:3326 km al SO de Los Vilos,2023-07-14 17:47:33,-32.104 -71.660,64 km,3.2 Ml,https://www.sismologia.cl/sismicidad/informes/2023/07/203923.html
2023-07-14 13:01:448 km al E de Melipilla,2023-07-14 17:01:44,-33.675 -71.132,74 km,4.3 Ml,https://www.sismologia.cl/sismicidad/informes/2023/07/203919.html
2023-07-14 12:09:4737 km al NO de Canela Baja,2023-07-14 16:09:47,-31.167 -71.732,29 km,3.1 Ml,https://www.sismologia.cl/sismicidad/informes/2023/07/203918.html
2023-07-14 10:21:4851 km al O de Mina La Escondida.,2023-07-14 14:21:48,-24.207 -69.557,74 km,2.9 Ml,https://www.sismologia.cl/sismicidad/informes/2023/07/203912.html
2023-07-14 08:53:0954 km al NE de Calama,2023-07-14 12:53:09,-22.083 -68.606,115 km,3.1 Ml,https://www.sismologia.cl/sismicidad/informes/2023/07/203907.html
2023-07-14 08:27:1626 km al N de Calama,2023-07-14 12:27:16,-22.235 -68.889,109 km,2.9 Ml,https://www.sismologia.cl/sismicidad/informes/2023/07/203904.html
2023-07-14 06:11:4515 km al SO de Tocopilla,2023-07-14 10:11:45,-22.199 -70.299,41 km,2.3 Ml,https://www.sismologia.cl/sismicidad/informes/2023/07/203900.html
2023-07-14 03:55:1832 km al NO de La Higuera,2023-07-14 07:55:18,-29.243 -71.326,53 km,2.8 Ml,https://www.sismologia.cl/sismicidad/informes/2023/07/203885.html
2023-07-13 20:59:1757 km al S de Camiña,2023-07-14 00:59:17,-19.807 -69.266,95 km,3.0 Ml,https://www.sismologia.cl/sismicidad/informes/2023/07/203865.html
2023-07-13 19:29:5232 km al S de Taltal,2023-07-13 23:29:52,-25.698 -70.448,62 km,2.7 Ml,https://www.sismologia.cl/sismicidad/informes/2023/07/203864.html
2023-07-13 16:35:4753 km al SO de Mina Collahuasi,2023-07-13 20:35:47,-21.224 -68.941,127 km,3.3 Ml,https://www.sismologia.cl/sismicidad/informes/2023/07/203845.html
2023-07-13 15:18:1035 km al E de Antuco,2023-07-13 19:18:10,-37.339 -71.275,148 km,3.8 Ml,https://www.sismologia.cl/sismicidad/informes/2023/07/203840.html
2023-07-13 14:02:3455 km al S de Camiña,2023-07-13 18:02:34,-19.801 -69.532,100 km,2.7 Ml,https://www.sismologia.cl/sismicidad/informes/2023/07/203829.html
2023-07-13 12:40:2861 km al SO de Castro,2023-07-13 16:40:28,-42.824 -74.348,12 km,3.3 Ml,https://www.sismologia.cl/sismicidad/informes/2023/07/203828.html
2023-07-13 11:06:5631 km al N de La Higuera,2023-07-13 15:06:56,-29.233 -71.251,53 km,2.8 Ml,https://www.sismologia.cl/sismicidad/informes/2023/07/203822.html
2023-07-13 11:00:5183 km al SE de Socaire,2023-07-13 15:00:51,-24.121 -67.321,215 km,3.0 Ml,https://www.sismologia.cl/sismicidad/informes/2023/07/203821.html
2023-07-13 09:19:1741 km al E de Los Andes.,2023-07-13 13:19:17,-32.699 -70.192,110 km,2.8 Ml,https://www.sismologia.cl/sismicidad/informes/2023/07/203811.html
2023-07-13 08:28:2884 km al O de Vichuquén,2023-07-13 12:28:28,-34.653 -72.867,33 km,3.0 Ml,https://www.sismologia.cl/sismicidad/informes/2023/07/203808.html
2023-07-13 06:06:3324 km al S de Pica,2023-07-13 10:06:33,-20.693 -69.408,100 km,2.9 Ml,https://www.sismologia.cl/sismicidad/informes/2023/07/203800.html
2023-07-13 05:17:2113 km al N de Pichilemu,2023-07-13 09:17:21,-34.273 -72.023,28 km,2.8 Ml,https://www.sismologia.cl/sismicidad/informes/2023/07/203793.html
2023-07-13 04:17:1726 km al NE de Pica,2023-07-13 08:17:17,-20.306 -69.169,96 km,2.9 Ml,https://www.sismologia.cl/sismicidad/informes/2023/07/203787.html
2023-07-13 00:54:4714 km al S de San Pedro de Atacama,2023-07-13 04:54:47,-23.041 -68.248,135 km,3.4 Ml,https://www.sismologia.cl/sismicidad/informes/2023/07/203773.html
2023-07-13 00:16:5718 km al E de Vichuquén,2023-07-13 04:16:57,-34.911 -71.802,42 km,3.9 Ml,https://www.sismologia.cl/sismicidad/informes/2023/07/203770.html
2023-07-12 21:33:5130 km al SO de Los Vilos,2023-07-13 01:33:51,-32.132 -71.701,24 km,2.7 Ml,https://www.sismologia.cl/sismicidad/informes/2023/07/203759.html
2023-07-12 20:28:0895 km al E de Socaire,2023-07-13 00:28:08,-23.861 -67.003,229 km,3.9 Ml,https://www.sismologia.cl/sismicidad/informes/2023/07/203753.html
2023-07-12 17:03:4644 km al NE de Mina La Escondida.,2023-07-12 21:03:46,-23.914 -68.871,104 km,3.0 Ml,https://www.sismologia.cl/sismicidad/informes/2023/07/203736.html
2023-07-12 16:33:0628 km al O de Arauco,2023-07-12 20:33:06,-37.337 -73.611,25 km,2.7 Ml,https://www.sismologia.cl/sismicidad/informes/2023/07/203733.html
2023-07-12 16:23:22128 km al O de Tocopilla,2023-07-12 20:23:22,-21.728 -71.376,16 km,2.6 Ml,https://www.sismologia.cl/sismicidad/informes/2023/07/203730.html
2023-07-12 13:52:1865 km al SO de Castro,2023-07-12 17:52:18,-42.806 -74.417,12 km,4.3 Ml,https://www.sismologia.cl/sismicidad/informes/2023/07/203714.html
2023-07-12 13:08:2026 km al S de Sierra Gorda.,2023-07-12 17:08:20,-23.125 -69.259,86 km,3.2 Ml,https://www.sismologia.cl/sismicidad/informes/2023/07/203710.html
2023-07-12 09:49:15108 km al O de Tongoy,2023-07-12 13:49:15,-30.430 -72.601,29 km,2.9 Ml,https://www.sismologia.cl/sismicidad/informes/2023/07/203699.html
2023-07-12 07:07:5386 km al E de Socaire,2023-07-12 11:07:53,-23.359 -67.082,202 km,2.7 Ml,https://www.sismologia.cl/sismicidad/informes/2023/07/203690.html
2023-07-12 06:27:3223 km al SO de Visviri,2023-07-12 10:27:32,-17.774 -69.598,151 km,3.3 Ml,https://www.sismologia.cl/sismicidad/informes/2023/07/203688.html
2023-07-12 06:20:4141 km al SO de Los Vilos,2023-07-12 10:20:41,-32.250 -71.672,38 km,2.5 Ml,https://www.sismologia.cl/sismicidad/informes/2023/07/203687.html
2023-07-12 05:21:0122 km al SO de Rancagua,2023-07-12 09:21:01,-34.259 -70.951,82 km,2.6 Ml,https://www.sismologia.cl/sismicidad/informes/2023/07/203685.html
2023-07-12 03:44:2712 km al E de Talca,2023-07-12 07:44:27,-35.443 -71.532,72 km,2.8 Ml,https://www.sismologia.cl/sismicidad/informes/2023/07/203677.html
2023-07-12 03:43:3382 km al E de Socaire,2023-07-12 07:43:33,-23.805 -67.117,238 km,2.8 Ml,https://www.sismologia.cl/sismicidad/informes/2023/07/203676.html
2023-07-12 01:44:1359 km al O de La Ligua,2023-07-12 05:44:13,-32.507 -71.853,30 km,2.8 Ml,https://www.sismologia.cl/sismicidad/informes/2023/07/203666.html
2023-07-12 01:40:3313 km al NE de Ollagüe,2023-07-12 05:40:33,-21.134 -68.179,155 km,2.7 Ml,https://www.sismologia.cl/sismicidad/informes/2023/07/203664.html
2023-07-12 01:18:0360 km al N de Calama,2023-07-12 05:18:03,-21.946 -68.787,112 km,4.1 Ml,https://www.sismologia.cl/sismicidad/informes/2023/07/203661.html
2023-07-12 00:40:2036 km al SO de Los Vilos,2023-07-12 04:40:20,-32.143 -71.784,36 km,2.8 Ml,https://www.sismologia.cl/sismicidad/informes/2023/07/203659.html
2023-07-11 22:51:4737 km al SO de Mina Collahuasi,2023-07-12 02:51:47,-21.029 -68.943,102 km,3.2 Ml,https://www.sismologia.cl/sismicidad/informes/2023/07/203652.html
2023-07-11 19:42:5149 km al O de Valparaíso,2023-07-11 23:42:51,-33.102 -72.132,24 km,3.3 Ml,https://www.sismologia.cl/sismicidad/informes/2023/07/203644.html
2023-07-11 19:13:2195 km al SE de Socaire,2023-07-11 23:13:21,-24.329 -67.423,218 km,3.9 Ml,https://www.sismologia.cl/sismicidad/informes/2023/07/203641.html
2023-07-11 18:45:4023 km al NO de Vichuquén,2023-07-11 22:45:40,-34.746 -72.182,9 km,2.7 Ml,https://www.sismologia.cl/sismicidad/informes/2023/07/203638.html
2023-07-11 18:15:0835 km al SO de Los Vilos,2023-07-11 22:15:08,-32.145 -71.757,8 km,2.5 Ml,https://www.sismologia.cl/sismicidad/informes/2023/07/203636.html
2023-07-11 17:58:1081 km al SE de Socaire,2023-07-11 21:58:10,-24.020 -67.242,241 km,4.6 Ml,https://www.sismologia.cl/sismicidad/informes/2023/07/203634.html
2023-07-11 16:42:2184 km al E de Socaire,2023-07-11 20:42:21,-23.626 -67.067,212 km,3.7 Ml,https://www.sismologia.cl/sismicidad/informes/2023/07/203627.html
2023-07-11 16:41:1545 km al SE de Pica,2023-07-11 20:41:15,-20.823 -69.088,112 km,3.1 Ml,https://www.sismologia.cl/sismicidad/informes/2023/07/203624.html
2023-07-11 14:59:0061 km al NE de Pica,2023-07-11 18:59:00,-19.991 -69.086,101 km,2.6 Ml,https://www.sismologia.cl/sismicidad/informes/2023/07/203609.html
2023-07-11 14:35:4429 km al NO de Tirúa,2023-07-11 18:35:44,-38.222 -73.784,8 km,4.8 Mw,https://www.sismologia.cl/sismicidad/informes/2023/07/203606.html
2023-07-11 14:24:4337 km al N de Valparaíso,2023-07-11 18:24:43,-32.723 -71.685,35 km,3.0 Ml,https://www.sismologia.cl/sismicidad/informes/2023/07/203603.html
2023-07-11 14:10:57114 km al SE de Socaire,2023-07-11 18:10:57,-24.386 -67.187,199 km,4.1 Ml,https://www.sismologia.cl/sismicidad/informes/2023/07/203600.html
2023-07-11 14:05:2373 km al S de Socaire,2023-07-11 18:05:23,-24.227 -68.068,266 km,3.9 Ml,https://www.sismologia.cl/sismicidad/informes/2023/07/203599.html
2023-07-11 13:07:1529 km al SO de Quillagua,2023-07-11 17:07:15,-21.861 -69.704,66 km,3.2 Ml,https://www.sismologia.cl/sismicidad/informes/2023/07/203590.html
2023-07-11 12:16:3643 km al O de Valparaíso,2023-07-11 16:16:36,-33.090 -72.068,20 km,3.1 Ml,https://www.sismologia.cl/sismicidad/informes/2023/07/203585.html
2023-07-11 09:06:2760 km al SO de Ollagüe,2023-07-11 13:06:27,-21.702 -68.533,128 km,2.5 Ml,https://www.sismologia.cl/sismicidad/informes/2023/07/203575.html
2023-07-11 06:21:3432 km al O de Valparaíso,2023-07-11 10:21:34,-33.131 -71.941,26 km,3.2 Ml,https://www.sismologia.cl/sismicidad/informes/2023/07/203565.html
2023-07-11 05:58:0326 km al E de Calama,2023-07-11 09:58:03,-22.519 -68.680,95 km,2.6 Ml,https://www.sismologia.cl/sismicidad/informes/2023/07/203560.html
2023-07-11 05:40:1644 km al SO de Huasco,2023-07-11 09:40:16,-28.806 -71.449,15 km,2.8 Ml,https://www.sismologia.cl/sismicidad/informes/2023/07/203555.html
2023-07-11 05:33:5759 km al O de La Ligua,2023-07-11 09:33:57,-32.508 -71.852,28 km,2.6 Ml,https://www.sismologia.cl/sismicidad/informes/2023/07/203553.html
2023-07-11 05:23:5378 km al S de Caldera,2023-07-11 09:23:53,-27.745 -71.013,52 km,2.8 Ml,https://www.sismologia.cl/sismicidad/informes/2023/07/203552.html
2023-07-11 05:14:5176 km al SO de Ollagüe,2023-07-11 09:14:51,-21.755 -68.716,102 km,2.8 Ml,https://www.sismologia.cl/sismicidad/informes/2023/07/203549.html
2023-07-11 04:22:2772 km al SE de Socaire,2023-07-11 08:22:27,-23.896 -67.269,208 km,3.3 Ml,https://www.sismologia.cl/sismicidad/informes/2023/07/203546.html
2023-07-11 03:44:4623 km al NO de San Pedro de Atacama,2023-07-11 07:44:46,-22.793 -68.377,118 km,3.1 Ml,https://www.sismologia.cl/sismicidad/informes/2023/07/203539.html
2023-07-11 03:41:5221 km al O de Mina Collahuasi,2023-07-11 07:41:52,-20.858 -68.858,105 km,2.7 Ml,https://www.sismologia.cl/sismicidad/informes/2023/07/203537.html
2023-07-11 02:36:1876 km al O de Arauco,2023-07-11 06:36:18,-36.966 -74.102,25 km,2.6 Ml,https://www.sismologia.cl/sismicidad/informes/2023/07/203529.html
2023-07-10 23:57:0723 km al O de Socaire,2023-07-11 03:57:07,-23.633 -68.110,130 km,3.3 Ml,https://www.sismologia.cl/sismicidad/informes/2023/07/203517.html
2023-07-10 23:04:5738 km al O de Valparaíso,2023-07-11 03:04:57,-33.101 -72.014,35 km,2.5 Ml,https://www.sismologia.cl/sismicidad/informes/2023/07/203515.html
2023-07-10 22:29:2859 km al E de Sierra Gorda.,2023-07-11 02:29:28,-23.060 -68.764,111 km,2.9 Ml,https://www.sismologia.cl/sismicidad/informes/2023/07/203510.html
2023-07-10 22:28:3844 km al S de Socaire,2023-07-11 02:28:38,-23.962 -68.040,277 km,3.4 Ml,https://www.sismologia.cl/sismicidad/informes/2023/07/203513.html
2023-07-10 22:27:5014 km al N de Farellones,2023-07-11 02:27:50,-33.222 -70.319,102 km,3.6 Ml,https://www.sismologia.cl/sismicidad/informes/2023/07/203508.html
2023-07-10 21:11:3845 km al O de Valparaíso,2023-07-11 01:11:38,-33.097 -72.093,36 km,4.1 Ml,https://www.sismologia.cl/sismicidad/informes/2023/07/203503.html
2023-07-10 20:26:2612 km al E de La Higuera,2023-07-11 00:26:26,-29.492 -71.077,75 km,3.5 Ml,https://www.sismologia.cl/sismicidad/informes/2023/07/203499.html
2023-07-10 20:17:4944 km al SO de Mina Collahuasi,2023-07-11 00:17:49,-21.098 -68.966,111 km,2.5 Ml,https://www.sismologia.cl/sismicidad/informes/2023/07/203497.html
2023-07-10 19:06:2653 km al O de Tongoy,2023-07-10 23:06:26,-30.399 -72.020,29 km,3.1 Ml,https://www.sismologia.cl/sismicidad/informes/2023/07/203492.html
2023-07-10 16:56:0233 km al S de Antofagasta,2023-07-10 20:56:02,-23.927 -70.324,46 km,2.6 Ml,https://www.sismologia.cl/sismicidad/informes/2023/07/203479.html
2023-07-10 16:09:2094 km al SE de Socaire,2023-07-10 20:09:20,-24.283 -67.366,219 km,3.4 Ml,https://www.sismologia.cl/sismicidad/informes/2023/07/203473.html
2023-07-10 11:37:4531 km al SO de La Ligua,2023-07-10 15:37:45,-32.620 -71.493,35 km,4.1 Ml,https://www.sismologia.cl/sismicidad/informes/2023/07/203447.html
2023-07-10 08:48:0250 km al S de Mina Collahuasi,2023-07-10 12:48:02,-21.250 -68.821,118 km,2.9 Ml,https://www.sismologia.cl/sismicidad/informes/2023/07/203434.html
2023-07-10 08:43:5062 km al SO de Ollagüe,2023-07-10 12:43:50,-21.682 -68.588,116 km,2.6 Ml,https://www.sismologia.cl/sismicidad/informes/2023/07/203433.html
2023-07-10 05:57:5147 km al SO de Mina Collahuasi,2023-07-10 09:57:51,-21.119 -68.991,109 km,2.9 Ml,https://www.sismologia.cl/sismicidad/informes/2023/07/203424.html
2023-07-10 05:45:0276 km al O de Arica,2023-07-10 09:45:02,-18.599 -71.027,15 km,2.6 Ml,https://www.sismologia.cl/sismicidad/informes/2023/07/203421.html
2023-07-10 05:31:4730 km al SO de Putre,2023-07-10 09:31:47,-18.439 -69.686,110 km,2.5 Ml,https://www.sismologia.cl/sismicidad/informes/2023/07/203415.html
2023-07-10 05:29:0128 km al NO de Concepción,2023-07-10 09:29:01,-36.702 -73.317,22 km,2.5 Ml,https://www.sismologia.cl/sismicidad/informes/2023/07/203414.html
2023-07-10 03:15:3755 km al S de Socaire,2023-07-10 07:15:37,-24.056 -67.713,234 km,2.9 Ml,https://www.sismologia.cl/sismicidad/informes/2023/07/203406.html
2023-07-10 02:15:07313 km al SO de Melinka,2023-07-10 06:15:07,-45.515 -76.990,16 km,3.3 Ml,https://www.sismologia.cl/sismicidad/informes/2023/07/203402.html
2023-07-10 01:47:2611 km al O de Calama,2023-07-10 05:47:26,-22.466 -69.034,102 km,2.8 Ml,https://www.sismologia.cl/sismicidad/informes/2023/07/203399.html
2023-07-10 01:47:2548 km al SO de Mina Collahuasi,2023-07-10 05:47:25,-21.172 -68.937,112 km,2.6 Ml,https://www.sismologia.cl/sismicidad/informes/2023/07/203398.html
2023-07-09 23:18:3820 km al SO de Valparaíso,2023-07-10 03:18:38,-33.203 -71.728,37 km,2.7 Ml,https://www.sismologia.cl/sismicidad/informes/2023/07/203390.html
2023-07-09 22:58:1312 km al NO de Farellones,2023-07-10 02:58:13,-33.274 -70.396,91 km,3.1 Ml,https://www.sismologia.cl/sismicidad/informes/2023/07/203387.html
2023-07-09 19:23:4148 km al SO de Mina Collahuasi,2023-07-09 23:23:41,-21.085 -69.022,110 km,3.5 Ml,https://www.sismologia.cl/sismicidad/informes/2023/07/203371.html
2023-07-09 18:16:0519 km al SE de San Fernando,2023-07-09 22:16:05,-34.744 -70.911,102 km,2.8 Ml,https://www.sismologia.cl/sismicidad/informes/2023/07/203366.html
2023-07-09 18:04:1017 km al O de Andacollo,2023-07-09 22:04:10,-30.213 -71.262,58 km,4.1 Ml,https://www.sismologia.cl/sismicidad/informes/2023/07/203361.html
2023-07-09 13:43:4780 km al E de Socaire,2023-07-09 17:43:47,-23.822 -67.148,248 km,2.8 Ml,https://www.sismologia.cl/sismicidad/informes/2023/07/203324.html
2023-07-09 13:34:4844 km al E de Talca,2023-07-09 17:34:48,-35.488 -71.189,106 km,3.3 Ml,https://www.sismologia.cl/sismicidad/informes/2023/07/203322.html
2023-07-09 13:15:4815 km al NO de Farellones,2023-07-09 17:15:48,-33.224 -70.379,105 km,2.9 Ml,https://www.sismologia.cl/sismicidad/informes/2023/07/203320.html
2023-07-09 13:11:3315 km al N de Farellones,2023-07-09 17:11:33,-33.222 -70.271,110 km,5.6 Mww,https://www.sismologia.cl/sismicidad/informes/2023/07/203315.html
2023-07-09 12:43:1245 km al S de Camiña,2023-07-09 16:43:12,-19.711 -69.379,97 km,2.9 Ml,https://www.sismologia.cl/sismicidad/informes/2023/07/203310.html
2023-07-09 11:26:4947 km al SO de Mina Collahuasi,2023-07-09 15:26:49,-21.117 -68.987,114 km,2.5 Ml,https://www.sismologia.cl/sismicidad/informes/2023/07/203305.html
2023-07-09 08:43:3568 km al E de Socaire,2023-07-09 12:43:35,-23.787 -67.257,231 km,2.8 Ml,https://www.sismologia.cl/sismicidad/informes/2023/07/203296.html
2023-07-09 07:40:55131 km al O de Antofagasta,2023-07-09 11:40:55,-23.765 -71.687,35 km,2.8 Ml,https://www.sismologia.cl/sismicidad/informes/2023/07/203295.html
2023-07-09 06:35:1233 km al SE de La Ligua,2023-07-09 10:35:12,-32.617 -70.939,74 km,2.6 Ml,https://www.sismologia.cl/sismicidad/informes/2023/07/203290.html
2023-07-09 06:03:4853 km al S de Socaire,2023-07-09 10:03:48,-24.048 -67.748,223 km,3.4 Ml,https://www.sismologia.cl/sismicidad/informes/2023/07/203287.html
2023-07-09 05:43:5548 km al SO de Mina Collahuasi,2023-07-09 09:43:55,-21.202 -68.886,107 km,2.5 Ml,https://www.sismologia.cl/sismicidad/informes/2023/07/203282.html
2023-07-09 05:13:0730 km al S de Mina Collahuasi,2023-07-09 09:13:07,-21.089 -68.707,105 km,2.8 Ml,https://www.sismologia.cl/sismicidad/informes/2023/07/203278.html
2023-07-09 05:00:4416 km al NE de Calama,2023-07-09 09:00:44,-22.378 -68.804,112 km,3.2 Ml,https://www.sismologia.cl/sismicidad/informes/2023/07/203275.html
2023-07-09 04:46:0078 km al S de Socaire,2023-07-09 08:46:00,-24.282 -67.742,211 km,2.8 Ml,https://www.sismologia.cl/sismicidad/informes/2023/07/203274.html
2023-07-09 04:24:0248 km al NO de Valdivia,2023-07-09 08:24:02,-39.539 -73.680,13 km,2.6 Ml,https://www.sismologia.cl/sismicidad/informes/2023/07/203272.html
2023-07-09 03:37:4131 km al O de Sierra Gorda.,2023-07-09 07:37:41,-23.005 -69.596,68 km,2.8 Ml,https://www.sismologia.cl/sismicidad/informes/2023/07/203269.html
2023-07-09 01:14:4110 km al SE de Calama,2023-07-09 05:14:41,-22.509 -68.847,135 km,3.3 Ml,https://www.sismologia.cl/sismicidad/informes/2023/07/203265.html
2023-07-09 00:49:1917 km al NO de Canela Baja,2023-07-09 04:49:19,-31.288 -71.576,65 km,2.9 Ml,https://www.sismologia.cl/sismicidad/informes/2023/07/203261.html
2023-07-08 23:51:3232 km al S de Pica,2023-07-09 03:51:32,-20.773 -69.288,104 km,3.1 Ml,https://www.sismologia.cl/sismicidad/informes/2023/07/203258.html
2023-07-08 22:29:5940 km al O de Ollagüe,2023-07-09 02:29:59,-21.280 -68.633,110 km,2.6 Ml,https://www.sismologia.cl/sismicidad/informes/2023/07/203248.html
2023-07-08 21:10:1624 km al SO de Calama,2023-07-09 01:10:16,-22.666 -69.031,79 km,2.8 Ml,https://www.sismologia.cl/sismicidad/informes/2023/07/203242.html
2023-07-08 21:01:0864 km al SE de Socaire,2023-07-09 01:01:08,-23.885 -67.345,235 km,3.0 Ml,https://www.sismologia.cl/sismicidad/informes/2023/07/203241.html
2023-07-08 18:13:5529 km al O de Navidad,2023-07-08 22:13:55,-33.890 -72.134,24 km,2.5 Ml,https://www.sismologia.cl/sismicidad/informes/2023/07/203233.html
2023-07-08 14:16:2566 km al NE de Calama,2023-07-08 18:16:25,-21.931 -68.673,132 km,2.6 Ml,https://www.sismologia.cl/sismicidad/informes/2023/07/203216.html
2023-07-08 13:49:0268 km al SE de Mina La Escondida.,2023-07-08 17:49:02,-24.793 -68.716,102 km,3.0 Ml,https://www.sismologia.cl/sismicidad/informes/2023/07/203211.html
2023-07-08 12:18:1745 km al S de Mina Collahuasi,2023-07-08 16:18:17,-21.218 -68.782,108 km,2.7 Ml,https://www.sismologia.cl/sismicidad/informes/2023/07/203205.html
2023-07-08 11:03:1239 km al O de Los Vilos,2023-07-08 15:03:12,-31.839 -71.916,34 km,3.0 Ml,https://www.sismologia.cl/sismicidad/informes/2023/07/203199.html
2023-07-08 05:03:31100 km al E de Socaire,2023-07-08 09:03:31,-23.553 -66.914,221 km,3.6 Ml,https://www.sismologia.cl/sismicidad/informes/2023/07/203190.html
2023-07-07 23:52:5220 km al SE de Los Vilos,2023-07-08 03:52:52,-32.075 -71.430,69 km,4.0 Ml,https://www.sismologia.cl/sismicidad/informes/2023/07/203174.html
2023-07-07 20:41:3737 km al O de Taltal,2023-07-08 00:41:37,-25.506 -70.836,31 km,3.6 Ml,https://www.sismologia.cl/sismicidad/informes/2023/07/203166.html
2023-07-07 18:27:1142 km al N de Huasco,2023-07-07 22:27:11,-28.105 -71.363,34 km,2.7 Ml,https://www.sismologia.cl/sismicidad/informes/2023/07/203159.html
2023-07-07 17:14:4543 km al SO de Mina Collahuasi,2023-07-07 21:14:45,-21.130 -68.922,110 km,3.6 Ml,https://www.sismologia.cl/sismicidad/informes/2023/07/203156.html
2023-07-07 14:55:5163 km al S de Putre,2023-07-07 18:55:51,-18.739 -69.746,88 km,3.2 Ml,https://www.sismologia.cl/sismicidad/informes/2023/07/203146.html
2023-07-07 14:52:0597 km al O de Mina La Escondida.,2023-07-07 18:52:05,-24.623 -69.931,93 km,3.2 Ml,https://www.sismologia.cl/sismicidad/informes/2023/07/203144.html
2023-07-07 11:56:3876 km al N de Calama,2023-07-07 15:56:38,-21.820 -68.701,105 km,4.0 Ml,https://www.sismologia.cl/sismicidad/informes/2023/07/203128.html
2023-07-07 10:57:5718 km al SO de Cobquecura,2023-07-07 14:57:57,-36.221 -72.961,26 km,3.0 Ml,https://www.sismologia.cl/sismicidad/informes/2023/07/203125.html
2023-07-07 09:35:5576 km al SE de Sierra Gorda.,2023-07-07 13:35:55,-23.485 -68.940,119 km,2.9 Ml,https://www.sismologia.cl/sismicidad/informes/2023/07/203123.html
2023-07-07 06:46:5018 km al SO de Cobquecura,2023-07-07 10:46:50,-36.205 -72.967,34 km,3.0 Ml,https://www.sismologia.cl/sismicidad/informes/2023/07/203118.html
2023-07-07 05:38:4759 km al S de Alto Hospicio,2023-07-07 09:38:47,-20.798 -70.115,70 km,2.9 Ml,https://www.sismologia.cl/sismicidad/informes/2023/07/203112.html
2023-07-07 05:28:5227 km al NO de Valparaíso,2023-07-07 09:28:52,-32.827 -71.732,26 km,3.2 Ml,https://www.sismologia.cl/sismicidad/informes/2023/07/203111.html
2023-07-07 05:17:2241 km al NO de Valparaíso,2023-07-07 09:17:22,-32.735 -71.848,34 km,4.3 Ml,https://www.sismologia.cl/sismicidad/informes/2023/07/203104.html
2023-07-07 04:30:23117 km al E de Socaire,2023-07-07 08:30:23,-23.661 -66.746,199 km,3.5 Ml,https://www.sismologia.cl/sismicidad/informes/2023/07/203100.html
2023-07-07 02:18:2218 km al SO de Punitaqui,2023-07-07 06:18:22,-30.978 -71.344,58 km,2.6 Ml,https://www.sismologia.cl/sismicidad/informes/2023/07/203093.html
2023-07-07 01:37:10113 km al SE de Socaire,2023-07-07 05:37:10,-24.428 -67.268,184 km,4.0 Ml,https://www.sismologia.cl/sismicidad/informes/2023/07/203091.html
2023-07-07 00:14:5637 km al SE de Pica,2023-07-07 04:14:56,-20.769 -69.137,88 km,2.9 Ml,https://www.sismologia.cl/sismicidad/informes/2023/07/203087.html
2023-07-06 23:06:4839 km al NE de Pica,2023-07-07 03:06:48,-20.203 -69.120,108 km,2.7 Ml,https://www.sismologia.cl/sismicidad/informes/2023/07/203082.html
2023-07-06 21:13:2335 km al NE de Mina La Escondida.,2023-07-07 01:13:23,-24.024 -68.838,98 km,3.1 Ml,https://www.sismologia.cl/sismicidad/informes/2023/07/203073.html
2023-07-06 20:52:5632 km al O de La Higuera,2023-07-07 00:52:56,-29.456 -71.530,32 km,2.4 Ml,https://www.sismologia.cl/sismicidad/informes/2023/07/203070.html
2023-07-06 15:53:3036 km al E de Linares,2023-07-06 19:53:30,-35.966 -71.223,108 km,3.2 Ml,https://www.sismologia.cl/sismicidad/informes/2023/07/203049.html
2023-07-06 15:45:1616 km al NO de Mina Los Pelambres,2023-07-06 19:45:16,-31.734 -70.725,20 km,2.6 Ml,https://www.sismologia.cl/sismicidad/informes/2023/07/203046.html
2023-07-06 15:03:0913 km al SO de Curicó,2023-07-06 19:03:09,-35.091 -71.309,80 km,3.7 Ml,https://www.sismologia.cl/sismicidad/informes/2023/07/203040.html
2023-07-06 13:45:2657 km al O de Tongoy,2023-07-06 17:45:26,-30.398 -72.063,36 km,3.2 Ml,https://www.sismologia.cl/sismicidad/informes/2023/07/203025.html
2023-07-06 12:51:1953 km al NE de Calama,2023-07-06 16:51:19,-22.033 -68.717,135 km,2.7 Ml,https://www.sismologia.cl/sismicidad/informes/2023/07/203021.html
2023-07-06 12:37:4937 km al O de Ovalle,2023-07-06 16:37:49,-30.624 -71.587,29 km,2.8 Ml,https://www.sismologia.cl/sismicidad/informes/2023/07/203018.html
2023-07-06 12:11:1442 km al SO de Mina Collahuasi,2023-07-06 16:11:14,-21.062 -68.975,112 km,3.0 Ml,https://www.sismologia.cl/sismicidad/informes/2023/07/203014.html
2023-07-06 08:50:1683 km al NE de San Pedro de Atacama,2023-07-06 12:50:16,-22.273 -67.801,216 km,3.7 Ml,https://www.sismologia.cl/sismicidad/informes/2023/07/203007.html
2023-07-06 08:19:0941 km al SO de María Elena,2023-07-06 12:19:09,-22.628 -69.925,53 km,3.4 Ml,https://www.sismologia.cl/sismicidad/informes/2023/07/203003.html
2023-07-06 07:59:1268 km al SE de Socaire,2023-07-06 11:59:12,-24.156 -67.651,229 km,3.8 Ml,https://www.sismologia.cl/sismicidad/informes/2023/07/203001.html
2023-07-06 07:23:3824 km al O de Ollagüe,2023-07-06 11:23:38,-21.261 -68.482,122 km,2.9 Ml,https://www.sismologia.cl/sismicidad/informes/2023/07/202997.html
2023-07-06 06:09:4658 km al SO de Ollagüe,2023-07-06 10:09:46,-21.535 -68.698,124 km,4.1 Ml,https://www.sismologia.cl/sismicidad/informes/2023/07/202994.html
2023-07-06 05:51:4756 km al NE de Los Andes.,2023-07-06 09:51:47,-32.420 -70.257,105 km,3.2 Ml,https://www.sismologia.cl/sismicidad/informes/2023/07/202989.html
2023-07-06 04:32:14107 km al E de Socaire,2023-07-06 08:32:14,-23.983 -66.930,218 km,3.6 Ml,https://www.sismologia.cl/sismicidad/informes/2023/07/202983.html
2023-07-06 03:04:2234 km al O de El Tabo,2023-07-06 07:04:22,-33.527 -72.026,27 km,3.8 Ml,https://www.sismologia.cl/sismicidad/informes/2023/07/202976.html
2023-07-06 01:43:4672 km al E de Socaire,2023-07-06 05:43:46,-23.655 -67.191,243 km,4.1 Ml,https://www.sismologia.cl/sismicidad/informes/2023/07/202972.html
2023-07-06 00:05:2651 km al NO de Quillagua,2023-07-06 04:05:26,-21.429 -69.957,78 km,2.6 Ml,https://www.sismologia.cl/sismicidad/informes/2023/07/202962.html
2023-07-06 00:01:1419 km al NE de Mina Los Pelambres,2023-07-06 04:01:14,-31.732 -70.422,103 km,3.5 Ml,https://www.sismologia.cl/sismicidad/informes/2023/07/202960.html
2023-07-05 23:18:5217 km al E de La Higuera,2023-07-06 03:18:52,-29.483 -71.024,54 km,2.8 Ml,https://www.sismologia.cl/sismicidad/informes/2023/07/202955.html
2023-07-05 21:30:5439 km al N de Camiña,2023-07-06 01:30:54,-18.981 -69.305,110 km,3.4 Ml,https://www.sismologia.cl/sismicidad/informes/2023/07/202938.html
2023-07-05 21:25:3448 km al SO de Ollagüe,2023-07-06 01:25:34,-21.597 -68.481,125 km,3.5 Ml,https://www.sismologia.cl/sismicidad/informes/2023/07/202935.html
2023-07-05 20:31:5643 km al S de Socaire,2023-07-06 00:31:56,-23.967 -67.982,130 km,5.7 Mww,https://www.sismologia.cl/sismicidad/informes/2023/07/202932.html
2023-07-05 19:45:5558 km al O de Ollagüe,2023-07-05 23:45:55,-21.386 -68.785,104 km,2.9 Ml,https://www.sismologia.cl/sismicidad/informes/2023/07/202930.html
2023-07-05 19:30:2113 km al SO de Ollagüe,2023-07-05 23:30:21,-21.330 -68.305,129 km,3.5 Ml,https://www.sismologia.cl/sismicidad/informes/2023/07/202927.html
2023-07-05 18:41:4812 km al N de Calama,2023-07-05 22:41:48,-22.369 -68.971,115 km,2.8 Ml,https://www.sismologia.cl/sismicidad/informes/2023/07/202925.html
2023-07-05 17:54:3892 km al E de Tierra Amarilla,2023-07-05 21:54:38,-27.517 -69.339,110 km,2.6 Ml,https://www.sismologia.cl/sismicidad/informes/2023/07/202923.html
2023-07-05 17:05:3052 km al SO de Ollagüe,2023-07-05 21:05:30,-21.550 -68.614,125 km,2.9 Ml,https://www.sismologia.cl/sismicidad/informes/2023/07/202921.html
2023-07-05 13:43:1096 km al E de Socaire,2023-07-05 17:43:10,-23.896 -67.010,172 km,3.5 Ml,https://www.sismologia.cl/sismicidad/informes/2023/07/202904.html
2023-07-05 06:49:2974 km al SE de Socaire,2023-07-05 10:49:29,-24.120 -67.457,210 km,4.4 Mw,https://www.sismologia.cl/sismicidad/informes/2023/07/202881.html
2023-07-05 03:58:4052 km al SO de Mina Collahuasi,2023-07-05 07:58:40,-21.112 -69.054,108 km,3.0 Ml,https://www.sismologia.cl/sismicidad/informes/2023/07/202868.html
2023-07-05 02:34:2740 km al O de Los Vilos,2023-07-05 06:34:27,-32.067 -71.894,30 km,3.7 Ml,https://www.sismologia.cl/sismicidad/informes/2023/07/202857.html
2023-07-05 00:26:2845 km al S de Pica,2023-07-05 04:26:28,-20.869 -69.181,112 km,3.5 Ml,https://www.sismologia.cl/sismicidad/informes/2023/07/202844.html
2023-07-04 22:06:3748 km al O de Mina Collahuasi,2023-07-05 02:06:37,-20.879 -69.120,108 km,3.2 Ml,https://www.sismologia.cl/sismicidad/informes/2023/07/202840.html
2023-07-04 21:31:3353 km al N de Mina La Escondida.,2023-07-05 01:31:33,-23.804 -68.948,95 km,3.3 Ml,https://www.sismologia.cl/sismicidad/informes/2023/07/202836.html
2023-07-04 17:36:1325 km al SO de Antofagasta,2023-07-04 21:36:13,-23.804 -70.580,61 km,3.6 Ml,https://www.sismologia.cl/sismicidad/informes/2023/07/202829.html
2023-07-04 15:17:1444 km al NE de Pica,2023-07-04 19:17:14,-20.127 -69.165,97 km,3.0 Ml,https://www.sismologia.cl/sismicidad/informes/2023/07/202817.html
2023-07-04 14:25:0826 km al E de Los Andes.,2023-07-04 18:25:08,-32.823 -70.325,106 km,3.9 Ml,https://www.sismologia.cl/sismicidad/informes/2023/07/202809.html
2023-07-04 13:51:5268 km al O de Ollagüe,2023-07-04 17:51:52,-21.410 -68.881,105 km,3.4 Ml,https://www.sismologia.cl/sismicidad/informes/2023/07/202806.html
2023-07-04 13:33:5679 km al S de Melinka,2023-07-04 17:33:56,-44.600 -73.859,44 km,2.8 Ml,https://www.sismologia.cl/sismicidad/informes/2023/07/202805.html
2023-07-04 12:36:3863 km al SE de Socaire,2023-07-04 16:36:38,-23.883 -67.363,259 km,3.2 Ml,https://www.sismologia.cl/sismicidad/informes/2023/07/202796.html
2023-07-04 11:17:4333 km al E de Baquedano,2023-07-04 15:17:43,-23.451 -69.549,83 km,4.2 Mw,https://www.sismologia.cl/sismicidad/informes/2023/07/202790.html
2023-07-04 10:54:2520 km al O de Tirúa,2023-07-04 14:54:25,-38.310 -73.723,32 km,3.5 Ml,https://www.sismologia.cl/sismicidad/informes/2023/07/202788.html
2023-07-04 10:54:01110 km al E de Socaire,2023-07-04 14:54:01,-23.698 -66.818,175 km,3.6 Ml,https://www.sismologia.cl/sismicidad/informes/2023/07/202786.html
2023-07-04 10:36:1964 km al SO de San Pedro de Atacama,2023-07-04 14:36:19,-23.232 -68.723,106 km,3.3 Ml,https://www.sismologia.cl/sismicidad/informes/2023/07/202782.html
2023-07-04 09:49:2749 km al S de Pica,2023-07-04 13:49:27,-20.906 -69.173,108 km,2.5 Ml,https://www.sismologia.cl/sismicidad/informes/2023/07/202777.html
2023-07-04 08:52:2179 km al N de Huasco,2023-07-04 12:52:21,-27.790 -71.485,34 km,2.8 Ml,https://www.sismologia.cl/sismicidad/informes/2023/07/202773.html
2023-07-04 07:16:1627 km al N de Calama,2023-07-04 11:16:16,-22.235 -68.861,117 km,2.8 Ml,https://www.sismologia.cl/sismicidad/informes/2023/07/202770.html
2023-07-04 04:27:1781 km al SE de Socaire,2023-07-04 08:27:17,-23.922 -67.181,235 km,3.5 Ml,https://www.sismologia.cl/sismicidad/informes/2023/07/202762.html
2023-07-04 04:15:4755 km al O de Valparaíso,2023-07-04 08:15:47,-33.000 -72.199,29 km,2.7 Ml,https://www.sismologia.cl/sismicidad/informes/2023/07/202759.html
2023-07-04 03:24:0385 km al SE de Socaire,2023-07-04 07:24:03,-23.999 -67.180,218 km,3.5 Ml,https://www.sismologia.cl/sismicidad/informes/2023/07/202754.html
2023-07-04 02:05:4749 km al S de Pica,2023-07-04 06:05:47,-20.905 -69.182,112 km,2.7 Ml,https://www.sismologia.cl/sismicidad/informes/2023/07/202747.html
2023-07-04 01:57:5043 km al O de La Serena,2023-07-04 05:57:50,-29.841 -71.690,66 km,2.7 Ml,https://www.sismologia.cl/sismicidad/informes/2023/07/202744.html
2023-07-04 01:28:2067 km al SO de Ollagüe,2023-07-04 05:28:20,-21.787 -68.495,118 km,2.7 Ml,https://www.sismologia.cl/sismicidad/informes/2023/07/202740.html
2023-07-04 00:09:5932 km al SO de Canela Baja,2023-07-04 04:09:59,-31.559 -71.737,33 km,3.3 Ml,https://www.sismologia.cl/sismicidad/informes/2023/07/202732.html
2023-07-03 23:57:5712 km al N de Quillagua,2023-07-04 03:57:57,-21.556 -69.564,62 km,2.5 Ml,https://www.sismologia.cl/sismicidad/informes/2023/07/202731.html
2023-07-03 22:31:2727 km al SO de Los Vilos,2023-07-04 02:31:27,-32.106 -71.683,34 km,2.5 Ml,https://www.sismologia.cl/sismicidad/informes/2023/07/202724.html
2023-07-03 21:08:5680 km al N de Taltal,2023-07-04 01:08:56,-24.694 -70.589,32 km,2.8 Ml,https://www.sismologia.cl/sismicidad/informes/2023/07/202719.html
2023-07-03 19:45:4213 km al NE de Calama,2023-07-03 23:45:42,-22.380 -68.845,111 km,2.9 Ml,https://www.sismologia.cl/sismicidad/informes/2023/07/202713.html
2023-07-03 19:24:4248 km al NE de Pozo Almonte,2023-07-03 23:24:42,-19.928 -69.488,99 km,3.5 Ml,https://www.sismologia.cl/sismicidad/informes/2023/07/202712.html
2023-07-03 17:51:3449 km al SE de Socaire,2023-07-03 21:51:34,-23.783 -67.458,258 km,3.2 Ml,https://www.sismologia.cl/sismicidad/informes/2023/07/202709.html
2023-07-03 17:33:4642 km al O de Ovalle,2023-07-03 21:33:46,-30.626 -71.637,34 km,4.2 Mw,https://www.sismologia.cl/sismicidad/informes/2023/07/202705.html
2023-07-03 16:19:2679 km al NO de Tocopilla,2023-07-03 20:19:26,-21.471 -70.563,49 km,2.9 Ml,https://www.sismologia.cl/sismicidad/informes/2023/07/202700.html
2023-07-03 15:14:0130 km al NO de Arauco,2023-07-03 19:14:01,-37.026 -73.505,12 km,2.8 Ml,https://www.sismologia.cl/sismicidad/informes/2023/07/202684.html
2023-07-03 15:02:4840 km al NO de Lota,2023-07-03 19:02:48,-36.910 -73.537,29 km,2.6 Ml,https://www.sismologia.cl/sismicidad/informes/2023/07/202686.html
2023-07-03 14:24:3017 km al O de La Serena,2023-07-03 18:24:30,-29.863 -71.418,50 km,2.9 Ml,https://www.sismologia.cl/sismicidad/informes/2023/07/202674.html
2023-07-03 09:27:1320 km al E de Pica,2023-07-03 13:27:13,-20.539 -69.145,105 km,2.8 Ml,https://www.sismologia.cl/sismicidad/informes/2023/07/202667.html
2023-07-03 08:52:5036 km al NE de Calama,2023-07-03 12:52:50,-22.185 -68.758,124 km,2.7 Ml,https://www.sismologia.cl/sismicidad/informes/2023/07/202661.html
2023-07-03 08:05:1784 km al SE de Socaire,2023-07-03 12:05:17,-24.131 -67.307,209 km,2.9 Ml,https://www.sismologia.cl/sismicidad/informes/2023/07/202658.html
2023-07-03 07:02:5766 km al O de Punitaqui,2023-07-03 11:02:57,-30.944 -71.934,42 km,2.6 Ml,https://www.sismologia.cl/sismicidad/informes/2023/07/202653.html
2023-07-03 06:31:03104 km al O de Antofagasta,2023-07-03 10:31:03,-24.008 -71.348,37 km,4.3 Ml,https://www.sismologia.cl/sismicidad/informes/2023/07/202652.html
2023-07-03 05:18:29118 km al SE de Socaire,2023-07-03 09:18:29,-24.437 -67.197,191 km,3.8 Ml,https://www.sismologia.cl/sismicidad/informes/2023/07/202648.html
2023-07-03 04:50:5375 km al S de Mina La Escondida.,2023-07-03 08:50:53,-24.940 -69.160,7 km,2.8 Ml,https://www.sismologia.cl/sismicidad/informes/2023/07/202646.html
2023-07-03 04:27:1340 km al O de Punitaqui,2023-07-03 08:27:13,-30.695 -71.650,29 km,3.1 Ml,https://www.sismologia.cl/sismicidad/informes/2023/07/202643.html
2023-07-03 04:14:2440 km al NO de Punitaqui,2023-07-03 08:14:24,-30.672 -71.629,29 km,2.7 Ml,https://www.sismologia.cl/sismicidad/informes/2023/07/202640.html
2023-07-03 03:43:3817 km al E de Mina La Escondida.,2023-07-03 07:43:38,-24.326 -68.898,103 km,4.4 Mw,https://www.sismologia.cl/sismicidad/informes/2023/07/202637.html
2023-07-03 02:59:4241 km al SO de Mina Collahuasi,2023-07-03 06:59:42,-21.069 -68.951,105 km,2.5 Ml,https://www.sismologia.cl/sismicidad/informes/2023/07/202636.html
2023-07-03 02:41:5310 km al NO de Puerto Natales,2023-07-03 06:41:53,-51.656 -72.582,3 km,3.6 Ml,https://www.sismologia.cl/sismicidad/informes/2023/07/202639.html
2023-07-03 02:41:1037 km al SO de Pichilemu,2023-07-03 06:41:10,-34.538 -72.368,34 km,2.6 Ml,https://www.sismologia.cl/sismicidad/informes/2023/07/202634.html
2023-07-03 01:31:0139 km al O de La Serena,2023-07-03 05:31:01,-29.811 -71.638,35 km,2.6 Ml,https://www.sismologia.cl/sismicidad/informes/2023/07/202626.html
2023-07-03 01:09:3434 km al E de Pica,2023-07-03 05:09:34,-20.370 -69.035,94 km,2.6 Ml,https://www.sismologia.cl/sismicidad/informes/2023/07/202623.html
2023-07-03 00:26:0657 km al N de Calama,2023-07-03 04:26:06,-21.968 -68.797,108 km,3.6 Ml,https://www.sismologia.cl/sismicidad/informes/2023/07/202618.html
2023-07-02 23:12:2359 km al S de Socaire,2023-07-03 03:12:23,-24.123 -67.933,269 km,3.3 Ml,https://www.sismologia.cl/sismicidad/informes/2023/07/202612.html
2023-07-02 22:52:17111 km al SE de Socaire,2023-07-03 02:52:17,-24.058 -66.930,218 km,3.4 Ml,https://www.sismologia.cl/sismicidad/informes/2023/07/202610.html
2023-07-02 21:56:3910 km al NE de San José de Maipo,2023-07-03 01:56:39,-33.576 -70.279,111 km,2.5 Ml,https://www.sismologia.cl/sismicidad/informes/2023/07/202605.html
2023-07-02 21:50:1448 km al SO de Mina Collahuasi,2023-07-03 01:50:14,-21.127 -68.996,118 km,3.5 Ml,https://www.sismologia.cl/sismicidad/informes/2023/07/202602.html
2023-07-02 20:54:5952 km al SE de Baquedano,2023-07-03 00:54:59,-23.617 -69.433,87 km,2.5 Ml,https://www.sismologia.cl/sismicidad/informes/2023/07/202601.html
2023-07-02 19:17:1315 km al N de Putre,2023-07-02 23:17:13,-18.062 -69.578,141 km,3.8 Ml,https://www.sismologia.cl/sismicidad/informes/2023/07/202594.html
2023-07-02 18:41:4475 km al NE de Socaire,2023-07-02 22:41:44,-23.136 -67.349,251 km,3.0 Ml,https://www.sismologia.cl/sismicidad/informes/2023/07/202589.html
2023-07-02 18:24:1453 km al SO de Ollagüe,2023-07-02 22:24:14,-21.647 -68.499,123 km,3.6 Ml,https://www.sismologia.cl/sismicidad/informes/2023/07/202587.html
2023-07-02 17:41:0010 km al NO de Ancud,2023-07-02 21:41:00,-41.786 -73.880,34 km,3.4 Ml,https://www.sismologia.cl/sismicidad/informes/2023/07/202582.html
2023-07-02 17:20:0473 km al SE de Socaire,2023-07-02 21:20:04,-24.145 -67.504,215 km,3.0 Ml,https://www.sismologia.cl/sismicidad/informes/2023/07/202576.html
2023-07-02 17:12:4951 km al O de Punitaqui,2023-07-02 21:12:49,-30.725 -71.777,32 km,3.5 Ml,https://www.sismologia.cl/sismicidad/informes/2023/07/202574.html
2023-07-02 16:48:0951 km al O de La Ligua,2023-07-02 20:48:09,-32.520 -71.764,34 km,3.0 Ml,https://www.sismologia.cl/sismicidad/informes/2023/07/202571.html
2023-07-02 16:03:2070 km al S de Socaire,2023-07-02 20:03:20,-24.214 -67.812,221 km,2.6 Ml,https://www.sismologia.cl/sismicidad/informes/2023/07/202568.html
2023-07-02 15:43:3467 km al E de Combarbalá,2023-07-02 19:43:34,-31.137 -70.299,115 km,3.5 Ml,https://www.sismologia.cl/sismicidad/informes/2023/07/202562.html
2023-07-02 15:08:5159 km al SE de Socaire,2023-07-02 19:08:51,-24.027 -67.570,236 km,3.1 Ml,https://www.sismologia.cl/sismicidad/informes/2023/07/202560.html
2023-07-02 15:04:0017 km al S de Calama,2023-07-02 19:04:00,-22.627 -68.926,104 km,2.6 Ml,https://www.sismologia.cl/sismicidad/informes/2023/07/202559.html
2023-07-02 12:20:3399 km al SE de Socaire,2023-07-02 16:20:33,-24.170 -67.152,218 km,3.5 Ml,https://www.sismologia.cl/sismicidad/informes/2023/07/202550.html
2023-07-02 10:46:2875 km al SE de Socaire,2023-07-02 14:46:28,-24.181 -67.536,214 km,2.9 Ml,https://www.sismologia.cl/sismicidad/informes/2023/07/202548.html
2023-07-02 06:05:4427 km al N de Vichuquén,2023-07-02 10:05:44,-34.642 -72.006,48 km,2.8 Ml,https://www.sismologia.cl/sismicidad/informes/2023/07/202534.html
2023-07-02 05:33:1168 km al SE de Socaire,2023-07-02 09:33:11,-23.859 -67.287,245 km,3.0 Ml,https://www.sismologia.cl/sismicidad/informes/2023/07/202530.html
2023-07-02 04:19:1462 km al S de Putre,2023-07-02 08:19:14,-18.756 -69.574,110 km,3.0 Ml,https://www.sismologia.cl/sismicidad/informes/2023/07/202526.html
2023-07-02 02:05:0770 km al N de Huasco,2023-07-02 06:05:07,-27.840 -71.193,40 km,2.9 Ml,https://www.sismologia.cl/sismicidad/informes/2023/07/202520.html
2023-07-02 01:26:1955 km al N de Mina La Escondida.,2023-07-02 05:26:19,-23.773 -69.100,98 km,3.1 Ml,https://www.sismologia.cl/sismicidad/informes/2023/07/202517.html
2023-07-01 23:04:0710 km al NO de Andacollo,2023-07-02 03:04:07,-30.147 -71.124,75 km,3.0 Ml,https://www.sismologia.cl/sismicidad/informes/2023/07/202510.html
2023-07-01 22:57:4826 km al SO de Ollagüe,2023-07-02 02:57:48,-21.411 -68.406,122 km,2.7 Ml,https://www.sismologia.cl/sismicidad/informes/2023/07/202507.html
2023-07-01 22:57:43120 km al O de Valparaíso,2023-07-02 02:57:43,-33.098 -72.905,39 km,3.6 Ml,https://www.sismologia.cl/sismicidad/informes/2023/07/202506.html
2023-07-01 22:03:0233 km al SE de Vichuquén,2023-07-02 02:03:02,-35.082 -71.727,55 km,2.8 Ml,https://www.sismologia.cl/sismicidad/informes/2023/07/202501.html
2023-07-01 21:12:1754 km al S de Mina Collahuasi,2023-07-02 01:12:17,-21.285 -68.829,116 km,2.9 Ml,https://www.sismologia.cl/sismicidad/informes/2023/07/202493.html
2023-07-01 18:27:1281 km al SE de Socaire,2023-07-01 22:27:12,-24.227 -67.498,201 km,3.9 Ml,https://www.sismologia.cl/sismicidad/informes/2023/07/202488.html
2023-07-01 18:26:3720 km al NE de Vallenar,2023-07-01 22:26:37,-28.410 -70.684,88 km,2.5 Ml,https://www.sismologia.cl/sismicidad/informes/2023/07/202487.html
2023-07-01 18:18:4271 km al SE de Socaire,2023-07-01 22:18:42,-23.923 -67.300,266 km,3.4 Ml,https://www.sismologia.cl/sismicidad/informes/2023/07/202485.html
2023-07-01 14:45:1693 km al O de Pisagua,2023-07-01 18:45:16,-19.901 -71.038,40 km,3.6 Ml,https://www.sismologia.cl/sismicidad/informes/2023/07/202465.html
2023-07-01 13:44:3925 km al SO de Ollagüe,2023-07-01 17:44:39,-21.353 -68.453,116 km,2.7 Ml,https://www.sismologia.cl/sismicidad/informes/2023/07/202455.html
2023-07-01 12:58:2055 km al NE de Pozo Almonte,2023-07-01 16:58:20,-19.891 -69.432,86 km,2.7 Ml,https://www.sismologia.cl/sismicidad/informes/2023/07/202449.html
2023-07-01 12:02:1940 km al N de Huasco,2023-07-01 16:02:19,-28.103 -71.208,28 km,2.6 Ml,https://www.sismologia.cl/sismicidad/informes/2023/07/202445.html
2023-07-01 11:21:0778 km al SE de Socaire,2023-07-01 15:21:07,-24.171 -67.463,220 km,4.5 Mw,https://www.sismologia.cl/sismicidad/informes/2023/07/202443.html
2023-07-01 10:51:0068 km al NO de Huasco,2023-07-01 14:51:00,-27.894 -71.482,42 km,2.6 Ml,https://www.sismologia.cl/sismicidad/informes/2023/07/202438.html
2023-07-01 08:27:4748 km al SO de Los Vilos,2023-07-01 12:27:47,-32.212 -71.883,21 km,2.6 Ml,https://www.sismologia.cl/sismicidad/informes/2023/07/202431.html
2023-07-01 07:50:3142 km al SO de Mina La Escondida.,2023-07-01 11:50:31,-24.612 -69.239,87 km,3.6 Ml,https://www.sismologia.cl/sismicidad/informes/2023/07/202429.html
2023-07-01 07:07:0745 km al SO de Mina Collahuasi,2023-07-01 11:07:07,-21.167 -68.885,117 km,2.7 Ml,https://www.sismologia.cl/sismicidad/informes/2023/07/202420.html
2023-07-01 05:45:2430 km al SE de San Pedro de Atacama,2023-07-01 09:45:24,-23.132 -68.015,138 km,2.9 Ml,https://www.sismologia.cl/sismicidad/informes/2023/07/202415.html
2023-07-01 03:35:57151 km al O de Lebu,2023-07-01 07:35:57,-38.076 -75.272,15 km,3.4 Ml,https://www.sismologia.cl/sismicidad/informes/2023/07/202406.html
2023-07-01 03:18:47118 km al SE de Socaire,2023-07-01 07:18:47,-24.109 -66.873,229 km,4.2 Mw,https://www.sismologia.cl/sismicidad/informes/2023/07/202403.html
2023-07-01 03:02:4865 km al N de Huasco,2023-07-01 07:02:48,-27.917 -70.995,35 km,2.7 Ml,https://www.sismologia.cl/sismicidad/informes/2023/07/202400.html
2023-07-01 01:20:4242 km al S de Camiña,2023-07-01 05:20:42,-19.688 -69.349,99 km,2.8 Ml,https://www.sismologia.cl/sismicidad/informes/2023/07/202393.html
2023-06-30 23:37:2986 km al SE de Socaire,2023-07-01 03:37:29,-24.247 -67.444,189 km,3.7 Ml,https://www.sismologia.cl/sismicidad/informes/2023/07/202387.html
2023-06-30 21:40:5275 km al SO de Socaire,2023-07-01 01:40:52,-24.138 -68.326,116 km,2.9 Ml,https://www.sismologia.cl/sismicidad/informes/2023/07/202374.html
2023-06-30 21:30:4549 km al S de Camiña,2023-07-01 01:30:45,-19.745 -69.327,92 km,2.8 Ml,https://www.sismologia.cl/sismicidad/informes/2023/07/202373.html
2023-06-30 21:11:2680 km al SO de Alto Hospicio,2023-07-01 01:11:26,-20.891 -70.482,55 km,2.9 Ml,https://www.sismologia.cl/sismicidad/informes/2023/07/202371.html
2023-06-30 21:02:2039 km al S de Mina Collahuasi,2023-07-01 01:02:20,-21.177 -68.675,128 km,2.7 Ml,https://www.sismologia.cl/sismicidad/informes/2023/07/202368.html
2023-06-30 19:58:0944 km al SO de Mina Collahuasi,2023-06-30 23:58:09,-21.151 -68.906,118 km,3.4 Ml,https://www.sismologia.cl/sismicidad/informes/2023/06/202363.html
2023-06-30 18:40:4861 km al O de Melinka,2023-06-30 22:40:48,-44.005 -74.493,24 km,2.7 Ml,https://www.sismologia.cl/sismicidad/informes/2023/06/202360.html
2023-06-30 15:44:1270 km al SE de Socaire,2023-06-30 19:44:12,-24.154 -67.588,235 km,3.2 Ml,https://www.sismologia.cl/sismicidad/informes/2023/06/202349.html
2023-06-30 15:26:5629 km al SO de Ollagüe,2023-06-30 19:26:56,-21.440 -68.416,124 km,2.8 Ml,https://www.sismologia.cl/sismicidad/informes/2023/06/202346.html
2023-06-30 14:50:3150 km al E de Sierra Gorda.,2023-06-30 18:50:31,-22.923 -68.831,95 km,2.5 Ml,https://www.sismologia.cl/sismicidad/informes/2023/06/202341.html
2023-06-30 13:31:1026 km al SO de Mina Collahuasi,2023-06-30 17:31:10,-20.989 -68.834,98 km,2.5 Ml,https://www.sismologia.cl/sismicidad/informes/2023/06/202330.html
2023-06-30 12:20:4175 km al E de Socaire,2023-06-30 16:20:41,-23.862 -67.214,233 km,2.6 Ml,https://www.sismologia.cl/sismicidad/informes/2023/06/202324.html
2023-06-30 12:18:1080 km al SE de Socaire,2023-06-30 16:18:10,-24.257 -67.585,216 km,3.3 Ml,https://www.sismologia.cl/sismicidad/informes/2023/06/202323.html
2023-06-30 11:16:4459 km al NO de Cobquecura,2023-06-30 15:16:44,-35.749 -73.246,11 km,4.2 Ml,https://www.sismologia.cl/sismicidad/informes/2023/06/202319.html
2023-06-30 11:10:1322 km al SO de Tongoy,2023-06-30 15:10:13,-30.425 -71.615,40 km,2.6 Ml,https://www.sismologia.cl/sismicidad/informes/2023/06/202321.html
2023-06-30 11:06:1933 km al NO de Canela Baja,2023-06-30 15:06:19,-31.143 -71.624,37 km,2.5 Ml,https://www.sismologia.cl/sismicidad/informes/2023/06/202317.html
2023-06-30 10:41:3851 km al SE de Socaire,2023-06-30 14:41:38,-23.958 -67.586,232 km,2.5 Ml,https://www.sismologia.cl/sismicidad/informes/2023/06/202315.html
2023-06-30 09:48:2122 km al O de La Higuera,2023-06-30 13:48:21,-29.432 -71.412,49 km,2.5 Ml,https://www.sismologia.cl/sismicidad/informes/2023/06/202314.html
2023-06-30 09:42:4926 km al SO de Tongoy,2023-06-30 13:42:49,-30.437 -71.662,34 km,4.0 Ml,https://www.sismologia.cl/sismicidad/informes/2023/06/202309.html
2023-06-30 09:42:4150 km al NO de Cobquecura,2023-06-30 13:42:41,-35.809 -73.179,28 km,3.4 Ml,https://www.sismologia.cl/sismicidad/informes/2023/06/202312.html
2023-06-30 08:43:0550 km al SO de San Pedro de Atacama,2023-06-30 12:43:05,-23.235 -68.550,99 km,2.8 Ml,https://www.sismologia.cl/sismicidad/informes/2023/06/202305.html
2023-06-30 08:11:3528 km al O de Punitaqui,2023-06-30 12:11:35,-30.827 -71.555,31 km,2.6 Ml,https://www.sismologia.cl/sismicidad/informes/2023/06/202303.html
2023-06-30 06:07:0438 km al SO de Ollagüe,2023-06-30 10:07:04,-21.542 -68.393,146 km,2.9 Ml,https://www.sismologia.cl/sismicidad/informes/2023/06/202295.html
2023-06-30 04:50:1371 km al N de Taltal,2023-06-30 08:50:13,-24.790 -70.324,48 km,3.8 Ml,https://www.sismologia.cl/sismicidad/informes/2023/06/202287.html
2023-06-30 03:19:1636 km al E de Pica,2023-06-30 07:19:16,-20.444 -68.988,98 km,2.8 Ml,https://www.sismologia.cl/sismicidad/informes/2023/06/202280.html
2023-06-30 01:20:2340 km al SO de Mina Collahuasi,2023-06-30 05:20:23,-20.975 -69.013,105 km,2.7 Ml,https://www.sismologia.cl/sismicidad/informes/2023/06/202273.html
2023-06-29 23:36:4367 km al N de Calama,2023-06-30 03:36:43,-21.877 -68.791,121 km,3.0 Ml,https://www.sismologia.cl/sismicidad/informes/2023/06/202267.html
2023-06-29 22:59:2237 km al SE de Pica,2023-06-30 02:59:22,-20.779 -69.154,109 km,3.2 Ml,https://www.sismologia.cl/sismicidad/informes/2023/06/202263.html
2023-06-29 21:35:4266 km al N de Pica,2023-06-30 01:35:42,-19.906 -69.207,96 km,3.0 Ml,https://www.sismologia.cl/sismicidad/informes/2023/06/202259.html
2023-06-29 17:36:4231 km al N de Ancud,2023-06-29 21:36:42,-41.591 -73.783,40 km,2.9 Ml,https://www.sismologia.cl/sismicidad/informes/2023/06/202244.html
2023-06-29 13:58:2755 km al N de Calama,2023-06-29 17:58:27,-21.988 -68.830,105 km,2.6 Ml,https://www.sismologia.cl/sismicidad/informes/2023/06/202227.html
2023-06-29 13:56:0416 km al NE de Pica,2023-06-29 17:56:04,-20.392 -69.218,112 km,2.5 Ml,https://www.sismologia.cl/sismicidad/informes/2023/06/202225.html
2023-06-29 13:38:0922 km al SO de Ollagüe,2023-06-29 17:38:09,-21.366 -68.401,127 km,2.8 Ml,https://www.sismologia.cl/sismicidad/informes/2023/06/202221.html
2023-06-29 11:45:1914 km al SO de Punitaqui,2023-06-29 15:45:19,-30.952 -71.312,60 km,3.7 Ml,https://www.sismologia.cl/sismicidad/informes/2023/06/202208.html
2023-06-29 10:42:4886 km al NE de Socaire,2023-06-29 14:42:48,-23.178 -67.178,245 km,3.5 Ml,https://www.sismologia.cl/sismicidad/informes/2023/06/202205.html
2023-06-29 09:13:0838 km al SO de Ollagüe,2023-06-29 13:13:08,-21.540 -68.402,135 km,2.8 Ml,https://www.sismologia.cl/sismicidad/informes/2023/06/202200.html
2023-06-29 08:29:1624 km al E de Pica,2023-06-29 12:29:16,-20.481 -69.097,93 km,2.9 Ml,https://www.sismologia.cl/sismicidad/informes/2023/06/202198.html
2023-06-29 08:24:5474 km al SO de Ollagüe,2023-06-29 12:24:54,-21.701 -68.755,99 km,2.7 Ml,https://www.sismologia.cl/sismicidad/informes/2023/06/202196.html
2023-06-29 04:10:2314 km al O de Ancud,2023-06-29 08:10:23,-41.833 -73.992,52 km,2.7 Ml,https://www.sismologia.cl/sismicidad/informes/2023/06/202183.html
2023-06-29 02:52:3462 km al NO de Cobquecura,2023-06-29 06:52:34,-35.758 -73.300,13 km,4.2 Ml,https://www.sismologia.cl/sismicidad/informes/2023/06/202181.html
2023-06-29 01:06:2391 km al S de Mina La Escondida.,2023-06-29 05:06:23,-25.062 -69.271,92 km,3.0 Ml,https://www.sismologia.cl/sismicidad/informes/2023/06/202173.html
2023-06-28 22:12:5949 km al NE de Calama,2023-06-29 02:12:59,-22.087 -68.692,119 km,2.7 Ml,https://www.sismologia.cl/sismicidad/informes/2023/06/202168.html
2023-06-28 21:23:5746 km al NO de Quillagua,2023-06-29 01:23:57,-21.345 -69.829,52 km,2.8 Ml,https://www.sismologia.cl/sismicidad/informes/2023/06/202164.html
2023-06-28 15:53:1029 km al O de Ollagüe,2023-06-28 19:53:10,-21.184 -68.530,130 km,2.7 Ml,https://www.sismologia.cl/sismicidad/informes/2023/06/202137.html
2023-06-28 06:54:3599 km al NE de Socaire,2023-06-28 10:54:35,-23.034 -67.128,283 km,3.5 Ml,https://www.sismologia.cl/sismicidad/informes/2023/06/202111.html
2023-06-28 05:32:2961 km al E de La Higuera,2023-06-28 09:32:29,-29.385 -70.589,82 km,2.6 Ml,https://www.sismologia.cl/sismicidad/informes/2023/06/202106.html
2023-06-27 19:42:517 km al NE de Cuya,2023-06-27 23:42:51,-19.112 -70.136,29 km,2.8 Ml,https://www.sismologia.cl/sismicidad/informes/2023/06/202073.html
2023-06-27 15:48:587 km al O de Temuco,2023-06-27 19:48:58,-38.763 -72.669,50 km,3.1 Ml,https://www.sismologia.cl/sismicidad/informes/2023/06/202053.html
2023-06-27 15:42:4795 km al E de Tierra Amarilla,2023-06-27 19:42:47,-27.171 -69.369,115 km,3.7 Ml,https://www.sismologia.cl/sismicidad/informes/2023/06/202051.html
2023-06-27 14:41:2922 km al NO de Mina Collahuasi,2023-06-27 18:41:29,-20.664 -68.781,112 km,2.7 Ml,https://www.sismologia.cl/sismicidad/informes/2023/06/202041.html
2023-06-27 14:08:1229 km al S de Mina Collahuasi,2023-06-27 18:08:12,-21.067 -68.560,126 km,2.6 Ml,https://www.sismologia.cl/sismicidad/informes/2023/06/202034.html
2023-06-27 12:47:3460 km al SO de Ollagüe,2023-06-27 16:47:34,-21.703 -68.526,130 km,2.8 Ml,https://www.sismologia.cl/sismicidad/informes/2023/06/202026.html
2023-06-27 10:49:3137 km al O de Ollagüe,2023-06-27 14:49:31,-21.199 -68.612,103 km,2.9 Ml,https://www.sismologia.cl/sismicidad/informes/2023/06/202021.html
2023-06-27 10:30:5413 km al O de Ovalle,2023-06-27 14:30:54,-30.581 -71.340,18 km,2.7 Ml,https://www.sismologia.cl/sismicidad/informes/2023/06/202020.html
2023-06-27 06:02:2118 km al NO de Andacollo,2023-06-27 10:02:21,-30.149 -71.245,73 km,4.6 Mw,https://www.sismologia.cl/sismicidad/informes/2023/06/202005.html
2023-06-27 03:00:2350 km al E de Calama,2023-06-27 07:00:23,-22.330 -68.467,126 km,3.4 Ml,https://www.sismologia.cl/sismicidad/informes/2023/06/201996.html
2023-06-27 02:48:5225 km al O de Combarbalá,2023-06-27 06:48:52,-31.118 -71.251,62 km,3.6 Ml,https://www.sismologia.cl/sismicidad/informes/2023/06/201993.html
2023-06-26 20:35:1466 km al NE de Pica,2023-06-27 00:35:14,-20.018 -68.954,107 km,2.9 Ml,https://www.sismologia.cl/sismicidad/informes/2023/06/201983.html
2023-06-26 20:23:019 km al SO de Antofagasta,2023-06-27 00:23:01,-23.693 -70.476,66 km,2.9 Ml,https://www.sismologia.cl/sismicidad/informes/2023/06/201982.html
2023-06-26 20:04:4432 km al NO de La Higuera,2023-06-27 00:04:44,-29.250 -71.329,58 km,2.6 Ml,https://www.sismologia.cl/sismicidad/informes/2023/06/201980.html
2023-06-26 18:25:3068 km al SE de Sierra Gorda.,2023-06-26 22:25:30,-23.315 -68.835,151 km,2.8 Ml,https://www.sismologia.cl/sismicidad/informes/2023/06/201977.html
2023-06-26 17:40:3278 km al S de Socaire,2023-06-26 21:40:32,-24.285 -67.831,244 km,3.2 Ml,https://www.sismologia.cl/sismicidad/informes/2023/06/201971.html
2023-06-26 16:47:5745 km al N de Pozo Almonte,2023-06-26 20:47:57,-19.852 -69.796,63 km,2.9 Ml,https://www.sismologia.cl/sismicidad/informes/2023/06/201967.html
2023-06-26 16:46:21109 km al SE de Socaire,2023-06-26 20:46:21,-24.192 -67.050,202 km,4.1 Ml,https://www.sismologia.cl/sismicidad/informes/2023/06/201964.html
2023-06-26 16:11:1752 km al S de Ollagüe,2023-06-26 20:11:17,-21.681 -68.374,143 km,2.8 Ml,https://www.sismologia.cl/sismicidad/informes/2023/06/201962.html
2023-06-26 15:25:2816 km al SO de Cuya,2023-06-26 19:25:28,-19.259 -70.288,43 km,3.0 Ml,https://www.sismologia.cl/sismicidad/informes/2023/06/201952.html
2023-06-26 14:38:2149 km al NO de Tongoy,2023-06-26 18:38:21,-29.907 -71.809,27 km,3.9 Ml,https://www.sismologia.cl/sismicidad/informes/2023/06/201947.html
2023-06-26 13:12:1088 km al O de Arica,2023-06-26 17:12:10,-18.486 -71.157,28 km,2.8 Ml,https://www.sismologia.cl/sismicidad/informes/2023/06/201933.html
2023-06-26 12:09:4938 km al SE de Pica,2023-06-26 16:09:49,-20.708 -69.046,117 km,2.8 Ml,https://www.sismologia.cl/sismicidad/informes/2023/06/201928.html
2023-06-26 11:59:4710 km al SO de Ovalle,2023-06-26 15:59:47,-30.682 -71.261,47 km,2.9 Ml,https://www.sismologia.cl/sismicidad/informes/2023/06/201923.html
2023-06-26 11:42:1045 km al SO de Taltal,2023-06-26 15:42:10,-25.715 -70.785,27 km,3.4 Ml,https://www.sismologia.cl/sismicidad/informes/2023/06/201918.html
2023-06-26 11:21:2246 km al NO de Quillagua,2023-06-26 15:21:22,-21.321 -69.797,61 km,3.3 Ml,https://www.sismologia.cl/sismicidad/informes/2023/06/201915.html
2023-06-26 11:05:2750 km al E de Combarbalá,2023-06-26 15:05:27,-31.255 -70.481,124 km,3.0 Ml,https://www.sismologia.cl/sismicidad/informes/2023/06/201914.html
2023-06-26 08:51:5061 km al SE de Sierra Gorda.,2023-06-26 12:51:50,-23.242 -68.850,109 km,3.4 Ml,https://www.sismologia.cl/sismicidad/informes/2023/06/201905.html
2023-06-26 08:29:3855 km al O de Mina La Escondida.,2023-06-26 12:29:38,-24.120 -69.577,72 km,2.6 Ml,https://www.sismologia.cl/sismicidad/informes/2023/06/201902.html
2023-06-26 05:44:3332 km al SO de San Pedro de Atacama,2023-06-26 09:44:33,-23.118 -68.423,117 km,3.4 Ml,https://www.sismologia.cl/sismicidad/informes/2023/06/201897.html
2023-06-26 04:11:2161 km al NE de Pica,2023-06-26 08:11:21,-20.053 -68.973,109 km,3.4 Ml,https://www.sismologia.cl/sismicidad/informes/2023/06/201892.html
2023-06-26 02:59:1520 km al NE de Tocopilla,2023-06-26 06:59:15,-21.989 -70.044,70 km,3.0 Ml,https://www.sismologia.cl/sismicidad/informes/2023/06/201888.html
2023-06-25 22:58:5217 km al S de Valdivia,2023-06-26 02:58:52,-39.970 -73.219,41 km,2.7 Ml,https://www.sismologia.cl/sismicidad/informes/2023/06/201877.html
2023-06-25 22:35:1180 km al E de Socaire,2023-06-26 02:35:11,-23.847 -67.152,226 km,4.1 Ml,https://www.sismologia.cl/sismicidad/informes/2023/06/201875.html
2023-06-25 22:02:1325 km al NO de Mina Collahuasi,2023-06-26 02:02:13,-20.713 -68.863,107 km,3.0 Ml,https://www.sismologia.cl/sismicidad/informes/2023/06/201869.html
2023-06-25 21:50:3651 km al SO de Mina Collahuasi,2023-06-26 01:50:36,-21.113 -69.038,110 km,2.9 Ml,https://www.sismologia.cl/sismicidad/informes/2023/06/201865.html
2023-06-25 19:20:13126 km al SE de Socaire,2023-06-25 23:20:13,-24.353 -66.974,206 km,3.7 Ml,https://www.sismologia.cl/sismicidad/informes/2023/06/201857.html
2023-06-25 18:57:3976 km al O de Arica,2023-06-25 22:57:39,-18.619 -71.023,27 km,3.4 Ml,https://www.sismologia.cl/sismicidad/informes/2023/06/201855.html
2023-06-25 18:53:5591 km al SE de Alto del Carmen,2023-06-25 22:53:55,-29.400 -69.903,119 km,2.5 Ml,https://www.sismologia.cl/sismicidad/informes/2023/06/201853.html
2023-06-25 17:40:3048 km al SO de Ollagüe,2023-06-25 21:40:30,-21.592 -68.490,130 km,3.8 Ml,https://www.sismologia.cl/sismicidad/informes/2023/06/201845.html
2023-06-25 17:20:4047 km al S de Ollagüe,2023-06-25 21:20:40,-21.626 -68.400,129 km,2.6 Ml,https://www.sismologia.cl/sismicidad/informes/2023/06/201841.html
2023-06-25 15:22:4059 km al SE de Mina La Escondida.,2023-06-25 19:22:40,-24.750 -68.813,124 km,2.5 Ml,https://www.sismologia.cl/sismicidad/informes/2023/06/201836.html
2023-06-25 13:57:4118 km al E de Huasco,2023-06-25 17:57:41,-28.414 -71.045,48 km,2.5 Ml,https://www.sismologia.cl/sismicidad/informes/2023/06/201822.html
2023-06-25 09:26:5556 km al SO de Ilo,2023-06-25 13:26:55,-18.096 -71.565,47 km,4.5 Mw,https://www.sismologia.cl/sismicidad/informes/2023/06/201811.html
2023-06-25 08:10:4144 km al S de Ollagüe,2023-06-25 12:10:41,-21.593 -68.398,118 km,2.9 Ml,https://www.sismologia.cl/sismicidad/informes/2023/06/201809.html
2023-06-25 07:34:5847 km al SO de Ollagüe,2023-06-25 11:34:58,-21.617 -68.430,129 km,4.8 Mw,https://www.sismologia.cl/sismicidad/informes/2023/06/201806.html
2023-06-25 06:17:46100 km al E de Socaire,2023-06-25 10:17:46,-23.744 -66.925,192 km,2.8 Ml,https://www.sismologia.cl/sismicidad/informes/2023/06/201801.html
2023-06-25 04:21:1648 km al NE de Quillagua,2023-06-25 08:21:16,-21.304 -69.278,76 km,3.2 Ml,https://www.sismologia.cl/sismicidad/informes/2023/06/201795.html
2023-06-25 04:16:0636 km al O de Mina Collahuasi,2023-06-25 08:16:06,-20.905 -68.994,103 km,4.3 Mw,https://www.sismologia.cl/sismicidad/informes/2023/06/201793.html
2023-06-25 03:37:3959 km al NO de Quillagua,2023-06-25 07:37:39,-21.291 -69.942,55 km,3.7 Ml,https://www.sismologia.cl/sismicidad/informes/2023/06/201790.html
2023-06-25 01:26:4666 km al S de Camiña,2023-06-25 05:26:46,-19.888 -69.253,128 km,3.0 Ml,https://www.sismologia.cl/sismicidad/informes/2023/06/201785.html
2023-06-25 01:21:0072 km al N de Pica,2023-06-25 05:21:00,-19.890 -69.083,110 km,3.7 Ml,https://www.sismologia.cl/sismicidad/informes/2023/06/201781.html
2023-06-24 23:58:29106 km al E de Socaire,2023-06-25 03:58:29,-23.257 -66.912,249 km,3.1 Ml,https://www.sismologia.cl/sismicidad/informes/2023/06/201776.html
2023-06-24 23:42:3269 km al SE de Socaire,2023-06-25 03:42:32,-24.097 -67.500,222 km,3.5 Ml,https://www.sismologia.cl/sismicidad/informes/2023/06/201774.html
2023-06-24 23:24:2234 km al SO de Mina Collahuasi,2023-06-25 03:24:22,-20.991 -68.937,109 km,2.6 Ml,https://www.sismologia.cl/sismicidad/informes/2023/06/201771.html
2023-06-24 22:30:24104 km al NE de Socaire,2023-06-25 02:30:24,-23.067 -67.047,267 km,3.6 Ml,https://www.sismologia.cl/sismicidad/informes/2023/06/201770.html
2023-06-24 18:12:14113 km al NE de Socaire,2023-06-24 22:12:14,-23.123 -66.908,274 km,4.6 Ml,https://www.sismologia.cl/sismicidad/informes/2023/06/201754.html
2023-06-24 16:06:4939 km al SO de Mina Collahuasi,2023-06-24 20:06:49,-21.127 -68.854,117 km,3.3 Ml,https://www.sismologia.cl/sismicidad/informes/2023/06/201739.html
2023-06-24 15:39:5947 km al NE de Calama,2023-06-24 19:39:59,-22.135 -68.648,123 km,2.6 Ml,https://www.sismologia.cl/sismicidad/informes/2023/06/201736.html
2023-06-24 14:46:0025 km al O de La Serena,2023-06-24 18:46:00,-29.972 -71.495,52 km,3.8 Ml,https://www.sismologia.cl/sismicidad/informes/2023/06/201734.html
2023-06-24 13:14:0041 km al NO de Taltal,2023-06-24 17:14:00,-25.221 -70.838,41 km,3.0 Ml,https://www.sismologia.cl/sismicidad/informes/2023/06/201723.html
2023-06-24 12:30:3938 km al SO de Chañaral.,2023-06-24 16:30:39,-26.542 -70.933,30 km,3.1 Ml,https://www.sismologia.cl/sismicidad/informes/2023/06/201719.html
2023-06-24 10:57:3194 km al SE de Socaire,2023-06-24 14:57:31,-24.122 -67.175,210 km,3.7 Ml,https://www.sismologia.cl/sismicidad/informes/2023/06/201717.html
2023-06-24 09:28:5163 km al NE de Pica,2023-06-24 13:28:51,-20.204 -68.812,128 km,2.5 Ml,https://www.sismologia.cl/sismicidad/informes/2023/06/201711.html
2023-06-24 07:58:0445 km al O de Mina Collahuasi,2023-06-24 11:58:04,-20.887 -69.087,108 km,2.6 Ml,https://www.sismologia.cl/sismicidad/informes/2023/06/201705.html
2023-06-24 07:16:1490 km al SE de Socaire,2023-06-24 11:16:14,-24.030 -67.143,219 km,3.3 Ml,https://www.sismologia.cl/sismicidad/informes/2023/06/201700.html
2023-06-24 07:12:4994 km al SE de Socaire,2023-06-24 11:12:49,-24.048 -67.116,217 km,2.6 Ml,https://www.sismologia.cl/sismicidad/informes/2023/06/201699.html
2023-06-24 05:56:2258 km al SO de Mina Collahuasi,2023-06-24 09:56:22,-21.201 -69.052,95 km,3.4 Ml,https://www.sismologia.cl/sismicidad/informes/2023/06/201694.html
2023-06-24 05:20:2286 km al SE de Socaire,2023-06-24 09:20:22,-23.959 -67.147,230 km,3.5 Ml,https://www.sismologia.cl/sismicidad/informes/2023/06/201692.html
2023-06-24 04:50:0715 km al S de Camiña,2023-06-24 08:50:07,-19.443 -69.393,99 km,4.5 Mw,https://www.sismologia.cl/sismicidad/informes/2023/06/201687.html
2023-06-24 04:32:5758 km al NE de Calama,2023-06-24 08:32:57,-22.034 -68.616,116 km,2.7 Ml,https://www.sismologia.cl/sismicidad/informes/2023/06/201686.html
2023-06-24 03:27:5454 km al O de Ollagüe,2023-06-24 07:27:54,-21.421 -68.734,117 km,2.7 Ml,https://www.sismologia.cl/sismicidad/informes/2023/06/201681.html
2023-06-24 01:54:3431 km al NE de Tocopilla,2023-06-24 05:54:34,-21.850 -70.052,74 km,3.0 Ml,https://www.sismologia.cl/sismicidad/informes/2023/06/201676.html
2023-06-24 01:35:4676 km al SE de Socaire,2023-06-24 05:35:46,-23.897 -67.226,232 km,3.1 Ml,https://www.sismologia.cl/sismicidad/informes/2023/06/201671.html
2023-06-24 01:06:2441 km al SO de Linares,2023-06-24 05:06:24,-36.152 -71.859,89 km,2.9 Ml,https://www.sismologia.cl/sismicidad/informes/2023/06/201669.html
2023-06-24 00:31:5044 km al NO de Camiña,2023-06-24 04:31:50,-19.027 -69.719,5 km,2.9 Ml,https://www.sismologia.cl/sismicidad/informes/2023/06/201665.html
2023-06-23 23:54:0151 km al SO de Ollagüe,2023-06-24 03:54:01,-21.607 -68.523,122 km,2.8 Ml,https://www.sismologia.cl/sismicidad/informes/2023/06/201662.html
2023-06-23 22:40:4333 km al SE de Alto del Carmen,2023-06-24 02:40:43,-28.996 -70.279,113 km,3.4 Ml,https://www.sismologia.cl/sismicidad/informes/2023/06/201656.html
2023-06-23 22:14:1144 km al SE de Linares,2023-06-24 02:14:11,-36.129 -71.251,123 km,3.1 Ml,https://www.sismologia.cl/sismicidad/informes/2023/06/201653.html
2023-06-23 21:06:4527 km al E de Tocopilla,2023-06-24 01:06:45,-22.046 -69.946,70 km,2.6 Ml,https://www.sismologia.cl/sismicidad/informes/2023/06/201648.html
2023-06-23 19:16:4623 km al N de Rancagua,2023-06-23 23:16:46,-33.962 -70.756,87 km,3.4 Ml,https://www.sismologia.cl/sismicidad/informes/2023/06/201640.html
2023-06-23 18:52:2779 km al N de Calama,2023-06-23 22:52:27,-21.789 -68.722,116 km,2.6 Ml,https://www.sismologia.cl/sismicidad/informes/2023/06/201638.html
2023-06-23 18:51:127 km al NE de La Serena,2023-06-23 22:51:12,-29.848 -71.219,46 km,3.0 Ml,https://www.sismologia.cl/sismicidad/informes/2023/06/201637.html
2023-06-23 18:26:1348 km al NE de Calama,2023-06-23 22:26:13,-22.088 -68.703,128 km,2.5 Ml,https://www.sismologia.cl/sismicidad/informes/2023/06/201634.html
2023-06-23 17:48:1781 km al SE de Socaire,2023-06-23 21:48:17,-24.137 -67.363,176 km,3.2 Ml,https://www.sismologia.cl/sismicidad/informes/2023/06/201631.html
2023-06-23 17:08:0434 km al N de Sierra Gorda.,2023-06-23 21:08:04,-22.597 -69.290,80 km,3.0 Ml,https://www.sismologia.cl/sismicidad/informes/2023/06/201625.html
2023-06-23 16:43:4987 km al SO de Mina La Escondida.,2023-06-23 20:43:49,-24.887 -69.586,77 km,4.1 Ml,https://www.sismologia.cl/sismicidad/informes/2023/06/201623.html
2023-06-23 15:54:3379 km al S de Antofagasta,2023-06-23 19:54:33,-24.346 -70.291,49 km,2.5 Ml,https://www.sismologia.cl/sismicidad/informes/2023/06/201621.html
2023-06-23 15:23:2023 km al NO de La Serena,2023-06-23 19:23:20,-29.716 -71.366,52 km,2.5 Ml,https://www.sismologia.cl/sismicidad/informes/2023/06/201614.html
2023-06-23 13:24:2459 km al SE de Putre,2023-06-23 17:24:24,-18.688 -69.339,116 km,2.6 Ml,https://www.sismologia.cl/sismicidad/informes/2023/06/201600.html
2023-06-23 10:50:2643 km al SO de Los Vilos,2023-06-23 14:50:26,-32.173 -71.852,50 km,2.9 Ml,https://www.sismologia.cl/sismicidad/informes/2023/06/201592.html
2023-06-23 08:43:5991 km al E de Socaire,2023-06-23 12:43:59,-23.307 -67.055,246 km,2.9 Ml,https://www.sismologia.cl/sismicidad/informes/2023/06/201589.html
2023-06-23 07:12:1659 km al SE de Socaire,2023-06-23 11:12:16,-23.838 -67.376,255 km,3.3 Ml,https://www.sismologia.cl/sismicidad/informes/2023/06/201585.html
2023-06-23 06:19:502 km al SE de Camiña,2023-06-23 10:19:50,-19.322 -69.414,96 km,2.6 Ml,https://www.sismologia.cl/sismicidad/informes/2023/06/201582.html
2023-06-23 06:15:3345 km al O de San Pedro de Atacama,2023-06-23 10:15:33,-22.921 -68.642,116 km,2.5 Ml,https://www.sismologia.cl/sismicidad/informes/2023/06/201580.html
2023-06-23 05:57:5432 km al O de La Serena,2023-06-23 09:57:54,-29.857 -71.582,63 km,2.8 Ml,https://www.sismologia.cl/sismicidad/informes/2023/06/201578.html
2023-06-23 04:11:5821 km al O de Socaire,2023-06-23 08:11:58,-23.583 -68.098,134 km,3.1 Ml,https://www.sismologia.cl/sismicidad/informes/2023/06/201570.html
2023-06-23 03:12:0335 km al SE de Lebu,2023-06-23 07:12:03,-37.760 -73.308,50 km,3.1 Ml,https://www.sismologia.cl/sismicidad/informes/2023/06/201568.html
2023-06-23 03:06:2468 km al SE de Socaire,2023-06-23 07:06:24,-23.953 -67.353,241 km,3.0 Ml,https://www.sismologia.cl/sismicidad/informes/2023/06/201567.html
2023-06-23 02:06:4466 km al S de Ilo,2023-06-23 06:06:44,-18.234 -71.236,20 km,2.6 Ml,https://www.sismologia.cl/sismicidad/informes/2023/06/201561.html
2023-06-23 00:05:5323 km al NO de Colina,2023-06-23 04:05:53,-33.022 -70.782,79 km,2.9 Ml,https://www.sismologia.cl/sismicidad/informes/2023/06/201555.html
2023-06-22 23:42:3931 km al O de Mina Collahuasi,2023-06-23 03:42:39,-20.719 -68.934,104 km,2.6 Ml,https://www.sismologia.cl/sismicidad/informes/2023/06/201553.html
2023-06-22 21:40:2129 km al NO de Ollagüe,2023-06-23 01:40:21,-21.083 -68.485,134 km,3.4 Ml,https://www.sismologia.cl/sismicidad/informes/2023/06/201547.html
2023-06-22 19:24:3760 km al S de Putre,2023-06-22 23:24:37,-18.727 -69.657,99 km,3.6 Ml,https://www.sismologia.cl/sismicidad/informes/2023/06/201540.html
2023-06-22 15:21:59120 km al O de Navidad,2023-06-22 19:21:59,-33.692 -73.089,25 km,2.9 Ml,https://www.sismologia.cl/sismicidad/informes/2023/06/201527.html
2023-06-22 15:12:5820 km al SE de Santiago,2023-06-22 19:12:58,-33.605 -70.580,101 km,3.2 Ml,https://www.sismologia.cl/sismicidad/informes/2023/06/201525.html
2023-06-22 14:21:2146 km al NE de Mina Los Pelambres,2023-06-22 18:21:21,-31.556 -70.212,129 km,2.5 Ml,https://www.sismologia.cl/sismicidad/informes/2023/06/201516.html
2023-06-22 12:31:2650 km al SO de Pica,2023-06-22 16:31:26,-20.735 -69.734,34 km,2.8 Ml,https://www.sismologia.cl/sismicidad/informes/2023/06/201507.html
2023-06-22 11:06:17115 km al O de Lebu,2023-06-22 15:06:17,-37.367 -74.920,16 km,3.5 Ml,https://www.sismologia.cl/sismicidad/informes/2023/06/201499.html
2023-06-22 08:04:3215 km al SE de Alto Hospicio,2023-06-22 12:04:32,-20.322 -69.975,80 km,2.8 Ml,https://www.sismologia.cl/sismicidad/informes/2023/06/201493.html
2023-06-22 07:48:5178 km al O de Arica,2023-06-22 11:48:51,-18.393 -71.058,38 km,3.2 Ml,https://www.sismologia.cl/sismicidad/informes/2023/06/201491.html
2023-06-22 03:54:2831 km al SE de Pichilemu,2023-06-22 07:54:28,-34.609 -71.815,46 km,3.1 Ml,https://www.sismologia.cl/sismicidad/informes/2023/06/201481.html
2023-06-21 23:05:1223 km al E de Mejillones,2023-06-22 03:05:12,-23.082 -70.230,48 km,2.6 Ml,https://www.sismologia.cl/sismicidad/informes/2023/06/201467.html
2023-06-21 21:49:1937 km al S de Mina Collahuasi,2023-06-22 01:49:19,-21.145 -68.752,101 km,2.5 Ml,https://www.sismologia.cl/sismicidad/informes/2023/06/201462.html
2023-06-21 19:43:4472 km al NE de Calama,2023-06-21 23:43:44,-21.929 -68.551,121 km,3.4 Ml,https://www.sismologia.cl/sismicidad/informes/2023/06/201456.html
2023-06-21 19:31:3531 km al S de Quillagua,2023-06-21 23:31:35,-21.936 -69.553,79 km,3.1 Ml,https://www.sismologia.cl/sismicidad/informes/2023/06/201454.html
2023-06-21 18:42:2023 km al O de Mina Collahuasi,2023-06-21 22:42:20,-20.755 -68.862,104 km,2.6 Ml,https://www.sismologia.cl/sismicidad/informes/2023/06/201452.html
2023-06-21 17:41:4840 km al SO de Vallenar,2023-06-21 21:41:48,-28.876 -70.985,72 km,2.7 Ml,https://www.sismologia.cl/sismicidad/informes/2023/06/201451.html
2023-06-21 15:04:0236 km al NO de Canela Baja,2023-06-21 19:04:02,-31.180 -71.735,33 km,3.0 Ml,https://www.sismologia.cl/sismicidad/informes/2023/06/201432.html
2023-06-21 12:19:1779 km al SE de Socaire,2023-06-21 16:19:17,-24.213 -67.526,214 km,3.8 Ml,https://www.sismologia.cl/sismicidad/informes/2023/06/201415.html
2023-06-21 11:24:4042 km al SO de Canela Baja,2023-06-21 15:24:40,-31.615 -71.824,25 km,2.7 Ml,https://www.sismologia.cl/sismicidad/informes/2023/06/201406.html
2023-06-21 09:00:5931 km al NO de Baquedano,2023-06-21 13:00:59,-23.088 -69.986,58 km,2.5 Ml,https://www.sismologia.cl/sismicidad/informes/2023/06/201394.html
2023-06-21 07:27:5310 km al SE de La Ligua,2023-06-21 11:27:53,-32.517 -71.156,87 km,2.9 Ml,https://www.sismologia.cl/sismicidad/informes/2023/06/201388.html
2023-06-21 06:51:1865 km al SO de Ollagüe,2023-06-21 10:51:18,-21.609 -68.730,99 km,3.1 Ml,https://www.sismologia.cl/sismicidad/informes/2023/06/201385.html
2023-06-21 06:34:1571 km al SE de Socaire,2023-06-21 10:34:15,-24.161 -67.573,226 km,3.1 Ml,https://www.sismologia.cl/sismicidad/informes/2023/06/201384.html
2023-06-21 05:31:5042 km al SO de Canela Baja,2023-06-21 09:31:50,-31.626 -71.812,22 km,2.9 Ml,https://www.sismologia.cl/sismicidad/informes/2023/06/201379.html
2023-06-21 04:27:1126 km al NE de Pica,2023-06-21 08:27:11,-20.381 -69.107,104 km,2.9 Ml,https://www.sismologia.cl/sismicidad/informes/2023/06/201369.html
2023-06-21 02:14:2621 km al NE de Termas del Flaco,2023-06-21 06:14:26,-34.797 -70.312,139 km,3.0 Ml,https://www.sismologia.cl/sismicidad/informes/2023/06/201361.html
2023-06-21 00:58:3638 km al SO de Ollagüe,2023-06-21 04:58:36,-21.454 -68.525,126 km,3.2 Ml,https://www.sismologia.cl/sismicidad/informes/2023/06/201354.html
2023-06-20 23:58:5267 km al SE de Socaire,2023-06-21 03:58:52,-24.111 -67.551,247 km,3.5 Ml,https://www.sismologia.cl/sismicidad/informes/2023/06/201344.html
2023-06-20 23:40:1710 km al SE de Constitución,2023-06-21 03:40:17,-35.383 -72.321,47 km,3.0 Ml,https://www.sismologia.cl/sismicidad/informes/2023/06/201341.html
2023-06-20 20:31:3839 km al SE de Alto del Carmen,2023-06-21 00:31:38,-28.917 -70.130,116 km,2.9 Ml,https://www.sismologia.cl/sismicidad/informes/2023/06/201323.html
2023-06-20 19:22:2046 km al O de Ollagüe,2023-06-20 23:22:20,-21.260 -68.699,112 km,3.2 Ml,https://www.sismologia.cl/sismicidad/informes/2023/06/201321.html
2023-06-20 19:02:0882 km al O de Tongoy,2023-06-20 23:02:08,-30.508 -72.295,19 km,3.1 Ml,https://www.sismologia.cl/sismicidad/informes/2023/06/201318.html
2023-06-20 16:28:0731 km al E de Pica,2023-06-20 20:28:07,-20.400 -69.046,104 km,4.3 Ml,https://www.sismologia.cl/sismicidad/informes/2023/06/201308.html
2023-06-20 14:53:49125 km al O de Tirúa,2023-06-20 18:53:49,-38.336 -74.932,14 km,3.2 Ml,https://www.sismologia.cl/sismicidad/informes/2023/06/201298.html
2023-06-20 11:07:0664 km al SO de Alto Hospicio,2023-06-20 15:07:06,-20.637 -70.576,41 km,3.0 Ml,https://www.sismologia.cl/sismicidad/informes/2023/06/201272.html
2023-06-20 09:09:1862 km al NE de Quillagua,2023-06-20 13:09:18,-21.247 -69.131,95 km,2.8 Ml,https://www.sismologia.cl/sismicidad/informes/2023/06/201262.html
2023-06-20 08:36:248 km al O de Huasco,2023-06-20 12:36:24,-28.447 -71.295,32 km,2.7 Ml,https://www.sismologia.cl/sismicidad/informes/2023/06/201261.html
2023-06-20 05:45:5929 km al NO de Pozo Almonte,2023-06-20 09:45:59,-20.026 -69.914,52 km,2.8 Ml,https://www.sismologia.cl/sismicidad/informes/2023/06/201251.html
2023-06-20 05:04:3074 km al N de San Pedro de Atacama,2023-06-20 09:04:30,-22.267 -68.057,204 km,4.3 Ml,https://www.sismologia.cl/sismicidad/informes/2023/06/201249.html
2023-06-20 01:47:3424 km al O de Mina Collahuasi,2023-06-20 05:47:34,-20.783 -68.887,105 km,2.6 Ml,https://www.sismologia.cl/sismicidad/informes/2023/06/201235.html
2023-06-19 22:30:3574 km al O de Socaire,2023-06-20 02:30:35,-23.583 -68.613,177 km,4.2 Ml,https://www.sismologia.cl/sismicidad/informes/2023/06/201227.html
2023-06-19 22:22:3424 km al SO de Linares,2023-06-20 02:22:34,-36.027 -71.732,71 km,2.8 Ml,https://www.sismologia.cl/sismicidad/informes/2023/06/201224.html
2023-06-19 21:38:4774 km al O de Socaire,2023-06-20 01:38:47,-23.520 -68.614,110 km,2.9 Ml,https://www.sismologia.cl/sismicidad/informes/2023/06/201222.html
2023-06-19 19:55:0238 km al S de Mina Collahuasi,2023-06-19 23:55:02,-21.166 -68.707,114 km,3.1 Ml,https://www.sismologia.cl/sismicidad/informes/2023/06/201214.html
2023-06-19 18:29:0136 km al SE de Cuya,2023-06-19 22:29:01,-19.338 -69.890,3 km,3.5 Ml,https://www.sismologia.cl/sismicidad/informes/2023/06/201204.html
2023-06-19 18:08:1259 km al O de La Higuera,2023-06-19 22:08:12,-29.418 -71.804,42 km,3.7 Ml,https://www.sismologia.cl/sismicidad/informes/2023/06/201201.html
2023-06-19 16:51:2198 km al O de Cobquecura,2023-06-19 20:51:21,-35.810 -73.807,31 km,3.6 Ml,https://www.sismologia.cl/sismicidad/informes/2023/06/201186.html
2023-06-19 14:58:0827 km al E de Mina La Escondida.,2023-06-19 18:58:08,-24.310 -68.798,110 km,3.1 Ml,https://www.sismologia.cl/sismicidad/informes/2023/06/201179.html
2023-06-19 14:55:4472 km al S de Socaire,2023-06-19 18:55:44,-24.229 -67.802,226 km,3.6 Ml,https://www.sismologia.cl/sismicidad/informes/2023/06/201178.html
2023-06-19 11:48:2120 km al S de Mina Los Pelambres,2023-06-19 15:48:21,-31.997 -70.620,122 km,3.8 Ml,https://www.sismologia.cl/sismicidad/informes/2023/06/201160.html
2023-06-19 09:20:1623 km al E de Calama,2023-06-19 13:20:16,-22.503 -68.709,102 km,3.1 Ml,https://www.sismologia.cl/sismicidad/informes/2023/06/201152.html
2023-06-19 07:46:1351 km al S de Ollagüe,2023-06-19 11:46:13,-21.666 -68.388,136 km,3.0 Ml,https://www.sismologia.cl/sismicidad/informes/2023/06/201144.html
2023-06-19 06:24:3641 km al NO de Mejillones,2023-06-19 10:24:36,-22.785 -70.652,29 km,2.9 Ml,https://www.sismologia.cl/sismicidad/informes/2023/06/201140.html
2023-06-19 05:53:5068 km al SO de Ollagüe,2023-06-19 09:53:50,-21.774 -68.539,125 km,3.3 Ml,https://www.sismologia.cl/sismicidad/informes/2023/06/201137.html
2023-06-19 05:32:4060 km al NE de Calama,2023-06-19 09:32:40,-21.995 -68.663,123 km,3.2 Ml,https://www.sismologia.cl/sismicidad/informes/2023/06/201135.html
2023-06-19 04:53:2746 km al SO de Ollagüe,2023-06-19 08:53:27,-21.598 -68.444,131 km,3.0 Ml,https://www.sismologia.cl/sismicidad/informes/2023/06/201131.html
2023-06-19 03:24:4847 km al SO de Mina Collahuasi,2023-06-19 07:24:48,-21.099 -68.998,113 km,3.0 Ml,https://www.sismologia.cl/sismicidad/informes/2023/06/201121.html
2023-06-19 03:18:2143 km al NE de Calama,2023-06-19 07:18:21,-22.149 -68.703,111 km,2.6 Ml,https://www.sismologia.cl/sismicidad/informes/2023/06/201120.html
2023-06-19 03:02:5252 km al S de Mina Collahuasi,2023-06-19 07:02:52,-21.268 -68.811,113 km,2.5 Ml,https://www.sismologia.cl/sismicidad/informes/2023/06/201117.html
2023-06-19 02:09:1352 km al O de San Pedro de Atacama,2023-06-19 06:09:13,-22.954 -68.706,92 km,2.7 Ml,https://www.sismologia.cl/sismicidad/informes/2023/06/201112.html
2023-06-19 00:03:4146 km al NO de Valparaíso,2023-06-19 04:03:41,-32.676 -71.825,24 km,2.7 Ml,https://www.sismologia.cl/sismicidad/informes/2023/06/201105.html
2023-06-18 23:58:2538 km al N de Valparaíso,2023-06-19 03:58:25,-32.723 -71.726,27 km,3.4 Ml,https://www.sismologia.cl/sismicidad/informes/2023/06/201102.html
2023-06-18 23:20:2446 km al E de Calama,2023-06-19 03:20:24,-22.520 -68.486,114 km,2.5 Ml,https://www.sismologia.cl/sismicidad/informes/2023/06/201100.html
2023-06-18 22:23:0920 km al SO de Calama,2023-06-19 02:23:09,-22.630 -69.010,127 km,4.8 Mw,https://www.sismologia.cl/sismicidad/informes/2023/06/201095.html
2023-06-18 20:32:0145 km al S de Mina Collahuasi,2023-06-19 00:32:01,-21.210 -68.809,119 km,2.9 Ml,https://www.sismologia.cl/sismicidad/informes/2023/06/201089.html
2023-06-18 16:58:1333 km al SE de San Pedro de Atacama,2023-06-18 20:58:13,-23.066 -67.924,287 km,3.7 Ml,https://www.sismologia.cl/sismicidad/informes/2023/06/201079.html
2023-06-18 14:57:1234 km al S de Melipilla,2023-06-18 18:57:12,-33.986 -71.187,69 km,2.7 Ml,https://www.sismologia.cl/sismicidad/informes/2023/06/201066.html
2023-06-18 13:54:2141 km al SO de Los Vilos,2023-06-18 17:54:21,-32.244 -71.688,33 km,3.0 Ml,https://www.sismologia.cl/sismicidad/informes/2023/06/201053.html
2023-06-18 13:50:2617 km al E de Sierra Gorda.,2023-06-18 17:50:26,-22.959 -69.167,100 km,3.6 Ml,https://www.sismologia.cl/sismicidad/informes/2023/06/201051.html
2023-06-18 12:26:3649 km al NO de Tongoy,2023-06-18 16:26:36,-29.982 -71.888,38 km,4.2 Ml,https://www.sismologia.cl/sismicidad/informes/2023/06/201045.html
2023-06-18 11:33:5468 km al SE de Socaire,2023-06-18 15:33:54,-23.846 -67.279,250 km,3.2 Ml,https://www.sismologia.cl/sismicidad/informes/2023/06/201037.html
2023-06-18 09:19:4031 km al O de Mina Collahuasi,2023-06-18 13:19:40,-20.858 -68.951,116 km,2.9 Ml,https://www.sismologia.cl/sismicidad/informes/2023/06/201029.html
2023-06-18 07:47:5775 km al SE de Antofagasta,2023-06-18 11:47:57,-24.245 -70.082,56 km,4.2 Ml,https://www.sismologia.cl/sismicidad/informes/2023/06/201024.html
2023-06-18 06:29:5121 km al S de Huasco,2023-06-18 10:29:51,-28.647 -71.179,48 km,3.2 Ml,https://www.sismologia.cl/sismicidad/informes/2023/06/201018.html
2023-06-18 02:58:3061 km al S de Ilo,2023-06-18 06:58:30,-18.160 -71.131,36 km,3.5 Ml,https://www.sismologia.cl/sismicidad/informes/2023/06/201004.html
2023-06-18 02:50:00103 km al O de Tortel,2023-06-18 06:50:00,-47.520 -74.845,34 km,3.6 Ml,https://www.sismologia.cl/sismicidad/informes/2023/06/201002.html
2023-06-18 01:47:1549 km al NE de Mina La Escondida.,2023-06-18 05:47:15,-23.892 -68.812,108 km,3.2 Ml,https://www.sismologia.cl/sismicidad/informes/2023/06/200997.html
2023-06-18 01:44:42107 km al NE de Socaire,2023-06-18 05:44:42,-23.148 -66.963,233 km,3.6 Ml,https://www.sismologia.cl/sismicidad/informes/2023/06/200998.html
2023-06-18 00:17:20120 km al SE de Socaire,2023-06-18 04:17:20,-24.473 -67.203,197 km,3.5 Ml,https://www.sismologia.cl/sismicidad/informes/2023/06/200993.html
2023-06-17 23:58:40122 km al NE de Socaire,2023-06-18 03:58:40,-23.128 -66.806,271 km,4.5 Mw,https://www.sismologia.cl/sismicidad/informes/2023/06/200991.html
2023-06-17 23:09:2141 km al O de Navidad,2023-06-18 03:09:21,-34.024 -72.262,24 km,3.0 Ml,https://www.sismologia.cl/sismicidad/informes/2023/06/200988.html
2023-06-17 21:20:4532 km al O de Ollagüe,2023-06-18 01:20:45,-21.229 -68.562,124 km,3.3 Ml,https://www.sismologia.cl/sismicidad/informes/2023/06/200982.html
